text,aid,cid,intent,answer
"The teacher should have uploaded materials in the class I am taking, but I cannot find any materials on the course.",A001,C001,Documents,"If you cannot find the documents, please check the following points.       Student version   1. Make sure that you are enrolled in the course corresponding to the subject. Usually, you are registered for the course once you applied for the registration. You cannot use the documents before the registration.   2. Ask the teacher in charge of the class to confirm that the availability period of the data is set correctly.     Teacher version   1. Please make sure that the documents have been posted to the courses for this fiscal year that correspond to the subjects, not my page. Documents posted on My Page cannot be used except for yourself.   2. Make sure that there are no other courses offered on the same day of the week, time, or class. If you do not consolidate subjects, students may have registered for another subject.   3. Make sure that folders and files are not hidden. If it is hidden, students cannot use it.   4. By setting the availability period of folders and files, you can set the use restriction to students. Make sure that this availability period is set correctly. Students cannot use documents that are out of period."
I put the material on my page but students cannot see it.,A001,C001,Documents,"If you cannot find the documents, please check the following points.       Student version   1. Make sure that you are enrolled in the course corresponding to the subject. Usually, you are registered for the course once you applied for the registration. You cannot use the documents before the registration.   2. Ask the teacher in charge of the class to confirm that the availability period of the data is set correctly.     Teacher version   1. Please make sure that the documents have been posted to the courses for this fiscal year that correspond to the subjects, not my page. Documents posted on My Page cannot be used except for yourself.   2. Make sure that there are no other courses offered on the same day of the week, time, or class. If you do not consolidate subjects, students may have registered for another subject.   3. Make sure that folders and files are not hidden. If it is hidden, students cannot use it.   4. By setting the availability period of folders and files, you can set the use restriction to students. Make sure that this availability period is set correctly. Students cannot use documents that are out of period."
"How can I prevent the students from seeing any materials on ""documents"" stored for the subjects of the previous semester?",A001,C001,Documents,"If you cannot find the documents, please check the following points.       Student version   1. Make sure that you are enrolled in the course corresponding to the subject. Usually, you are registered for the course once you applied for the registration. You cannot use the documents before the registration.   2. Ask the teacher in charge of the class to confirm that the availability period of the data is set correctly.     Teacher version   1. Please make sure that the documents have been posted to the courses for this fiscal year that correspond to the subjects, not my page. Documents posted on My Page cannot be used except for yourself.   2. Make sure that there are no other courses offered on the same day of the week, time, or class. If you do not consolidate subjects, students may have registered for another subject.   3. Make sure that folders and files are not hidden. If it is hidden, students cannot use it.   4. By setting the availability period of folders and files, you can set the use restriction to students. Make sure that this availability period is set correctly. Students cannot use documents that are out of period."
I cannot find the uploaded material.,A001,C001,Documents,"If you cannot find the documents, please check the following points.       Student version   1. Make sure that you are enrolled in the course corresponding to the subject. Usually, you are registered for the course once you applied for the registration. You cannot use the documents before the registration.   2. Ask the teacher in charge of the class to confirm that the availability period of the data is set correctly.     Teacher version   1. Please make sure that the documents have been posted to the courses for this fiscal year that correspond to the subjects, not my page. Documents posted on My Page cannot be used except for yourself.   2. Make sure that there are no other courses offered on the same day of the week, time, or class. If you do not consolidate subjects, students may have registered for another subject.   3. Make sure that folders and files are not hidden. If it is hidden, students cannot use it.   4. By setting the availability period of folders and files, you can set the use restriction to students. Make sure that this availability period is set correctly. Students cannot use documents that are out of period."
I cannot see the teacher's materials.,A001,C001,Documents,"If you cannot find the documents, please check the following points.       Student version   1. Make sure that you are enrolled in the course corresponding to the subject. Usually, you are registered for the course once you applied for the registration. You cannot use the documents before the registration.   2. Ask the teacher in charge of the class to confirm that the availability period of the data is set correctly.     Teacher version   1. Please make sure that the documents have been posted to the courses for this fiscal year that correspond to the subjects, not my page. Documents posted on My Page cannot be used except for yourself.   2. Make sure that there are no other courses offered on the same day of the week, time, or class. If you do not consolidate subjects, students may have registered for another subject.   3. Make sure that folders and files are not hidden. If it is hidden, students cannot use it.   4. By setting the availability period of folders and files, you can set the use restriction to students. Make sure that this availability period is set correctly. Students cannot use documents that are out of period."
"If ""notification"" and ""documents"" are made available only to the group selected at the time of creation and ""notify by e-mail"" is made, will email be notified only to that group? ",A002,C001,Documents,"The instructor in charge of each class can set whether or not to notify by e-mail when creating or uploading documents. Even if the student wants to be notified, the notification will not be received unless the teacher in charge of the class sets it. In addition, by using the group function, it is possible to disclose and notify documents and notices to only some students. In addition, even if it is the document uploaded to the folder set to hide, if you set it to notify"""
"I uploaded documents to a folder that I set as non-display, but when I upload files with the ""notify"" setting, the folders and files will be emailed to students.",A002,C001,Documents,"The instructor in charge of each class can set whether or not to notify by e-mail when creating or uploading documents. Even if the student wants to be notified, the notification will not be received unless the teacher in charge of the class sets it. In addition, by using the group function, it is possible to disclose and notify documents and notices to only some students. In addition, even if it is the document uploaded to the folder set to hide, if you set it to notify"""
"When creating a notification that can only be viewed by a specific group of students, does an email notification only reach the group's students?",A002,C001,Documents,"The instructor in charge of each class can set whether or not to notify by e-mail when creating or uploading documents. Even if the student wants to be notified, the notification will not be received unless the teacher in charge of the class sets it. In addition, by using the group function, it is possible to disclose and notify documents and notices to only some students. In addition, even if it is the document uploaded to the folder set to hide, if you set it to notify"""
I want to notify students when I upload the document file.,A002,C001,Documents,"The instructor in charge of each class can set whether or not to notify by e-mail when creating or uploading documents. Even if the student wants to be notified, the notification will not be received unless the teacher in charge of the class sets it. In addition, by using the group function, it is possible to disclose and notify documents and notices to only some students. In addition, even if it is the document uploaded to the folder set to hide, if you set it to notify"""
What is the function of notifying students about file uploads?,A002,C001,Documents,"The instructor in charge of each class can set whether or not to notify by e-mail when creating or uploading documents. Even if the student wants to be notified, the notification will not be received unless the teacher in charge of the class sets it. In addition, by using the group function, it is possible to disclose and notify documents and notices to only some students. In addition, even if it is the document uploaded to the folder set to hide, if you set it to notify"""
Can the teacher set the notification function?,A002,C001,Documents,"The instructor in charge of each class can set whether or not to notify by e-mail when creating or uploading documents. Even if the student wants to be notified, the notification will not be received unless the teacher in charge of the class sets it. In addition, by using the group function, it is possible to disclose and notify documents and notices to only some students. In addition, even if it is the document uploaded to the folder set to hide, if you set it to notify"""
Can only some students be notified about uploaded materials?,A002,C001,Documents,"The instructor in charge of each class can set whether or not to notify by e-mail when creating or uploading documents. Even if the student wants to be notified, the notification will not be received unless the teacher in charge of the class sets it. In addition, by using the group function, it is possible to disclose and notify documents and notices to only some students. In addition, even if it is the document uploaded to the folder set to hide, if you set it to notify"""
Is the document disclosure setting and notification function not linked?,A002,C001,Documents,"The instructor in charge of each class can set whether or not to notify by e-mail when creating or uploading documents. Even if the student wants to be notified, the notification will not be received unless the teacher in charge of the class sets it. In addition, by using the group function, it is possible to disclose and notify documents and notices to only some students. In addition, even if it is the document uploaded to the folder set to hide, if you set it to notify"""
Can only the specified student group be informed of the publication of materials?,A002,C001,Documents,"The instructor in charge of each class can set whether or not to notify by e-mail when creating or uploading documents. Even if the student wants to be notified, the notification will not be received unless the teacher in charge of the class sets it. In addition, by using the group function, it is possible to disclose and notify documents and notices to only some students. In addition, even if it is the document uploaded to the folder set to hide, if you set it to notify"""
Can I set a password for documents?,A003,C001,Documents,"kibaco does not have a function to set a password for a file. The files will be disclosed to all students, but if you want to make them available only to some students, you can use the group settings to make them available only to specific students. Another option is to upload an encrypted file, and only let some students know their password."
Does kibaco have encryption capabilities?,A003,C001,Documents,"kibaco does not have a function to set a password for a file. The files will be disclosed to all students, but if you want to make them available only to some students, you can use the group settings to make them available only to specific students. Another option is to upload an encrypted file, and only let some students know their password."
I want to set the file to open with password authentication.,A003,C001,Documents,"kibaco does not have a function to set a password for a file. The files will be disclosed to all students, but if you want to make them available only to some students, you can use the group settings to make them available only to specific students. Another option is to upload an encrypted file, and only let some students know their password."
Can I upload encrypted files?,A003,C001,Documents,"kibaco does not have a function to set a password for a file. The files will be disclosed to all students, but if you want to make them available only to some students, you can use the group settings to make them available only to specific students. Another option is to upload an encrypted file, and only let some students know their password."
Can I upload files with password settings?,A003,C001,Documents,"kibaco does not have a function to set a password for a file. The files will be disclosed to all students, but if you want to make them available only to some students, you can use the group settings to make them available only to specific students. Another option is to upload an encrypted file, and only let some students know their password."
I want to share the material with all students on kibaco.,A004,C001,Documents,"It is possible by using document"" function. For more information"
I want to distribute class materials,A004,C001,Documents,"It is possible by using document"" function. For more information"
I want to pass files to students,A004,C001,Documents,"It is possible by using document"" function. For more information"
I would like to disclose class slides to students on kibaco.,A004,C001,Documents,"It is possible by using document"" function. For more information"
Can we disclose lesson materials to students?,A004,C001,Documents,"It is possible by using document"" function. For more information"
"I would like to distribute materials with kibaco prior to the application period, but what should I do?",A005,C001,Documents,"If you register students in courses that correspond to the subjects, you can distribute the materials to students who have not applied for courses. Registration methods include allowing the teacher to register for the student's study number, making the course self-registerable and having the student self-register. Details are  pages 31 ~ 34 of the manual for Teacher . In addition"
Can students download lesson materials before applying for courses?,A005,C001,Documents,"If you register students in courses that correspond to the subjects, you can distribute the materials to students who have not applied for courses. Registration methods include allowing the teacher to register for the student's study number, making the course self-registerable and having the student self-register. Details are  pages 31 ~ 34 of the manual for Teacher . In addition"
When will students be able to view class content in kibaco?,A005,C001,Documents,"If you register students in courses that correspond to the subjects, you can distribute the materials to students who have not applied for courses. Registration methods include allowing the teacher to register for the student's study number, making the course self-registerable and having the student self-register. Details are  pages 31 ~ 34 of the manual for Teacher . In addition"
Can I distribute materials to students who have not taken this?,A005,C001,Documents,"If you register students in courses that correspond to the subjects, you can distribute the materials to students who have not applied for courses. Registration methods include allowing the teacher to register for the student's study number, making the course self-registerable and having the student self-register. Details are  pages 31 ~ 34 of the manual for Teacher . In addition"
Can the course be distributed if the teacher registers the student during the class entry period?,A005,C001,Documents,"If you register students in courses that correspond to the subjects, you can distribute the materials to students who have not applied for courses. Registration methods include allowing the teacher to register for the student's study number, making the course self-registerable and having the student self-register. Details are  pages 31 ~ 34 of the manual for Teacher . In addition"
I want to know how to download document files at once.,A006,C001,Documents,Unfortunately there is no batch download feature for documents.
I want to download all the files at once.,A006,C001,Documents,Unfortunately there is no batch download feature for documents.
It is troublesome to download one file each time.,A006,C001,Documents,Unfortunately there is no batch download feature for documents.
I want to download multiple files at once.,A006,C001,Documents,Unfortunately there is no batch download feature for documents.
I want to download many files at once.,A006,C001,Documents,Unfortunately there is no batch download feature for documents.
"When I open the SJIS text file I put in the document, it is garbled",A007,C001,Documents,"When displaying text files in a browser, the character code for display set in the browser should be used. At this time, if the character code of the file and the display character code of the browser are different, they will be garbled. Match the browser display character code to the file character code. If you find it difficult to match, please download the file. In many browsers, the character code for display is often set to UTF-8, so by uploading the file saved with character code UTF-8, there is a possibility that garbled characters can be avoided. Learn more about file uploads from  pages 44 to 46 of the manual for Teacher ."""
The file is garbled and can not be read.,A007,C001,Documents,"When displaying text files in a browser, the character code for display set in the browser should be used. At this time, if the character code of the file and the display character code of the browser are different, they will be garbled. Match the browser display character code to the file character code. If you find it difficult to match, please download the file. In many browsers, the character code for display is often set to UTF-8, so by uploading the file saved with character code UTF-8, there is a possibility that garbled characters can be avoided. Learn more about file uploads from  pages 44 to 46 of the manual for Teacher ."""
Where should we use the character code for files placed in kibaco?,A007,C001,Documents,"When displaying text files in a browser, the character code for display set in the browser should be used. At this time, if the character code of the file and the display character code of the browser are different, they will be garbled. Match the browser display character code to the file character code. If you find it difficult to match, please download the file. In many browsers, the character code for display is often set to UTF-8, so by uploading the file saved with character code UTF-8, there is a possibility that garbled characters can be avoided. Learn more about file uploads from  pages 44 to 46 of the manual for Teacher ."""
What is the character code specified by kibaco?,A007,C001,Documents,"When displaying text files in a browser, the character code for display set in the browser should be used. At this time, if the character code of the file and the display character code of the browser are different, they will be garbled. Match the browser display character code to the file character code. If you find it difficult to match, please download the file. In many browsers, the character code for display is often set to UTF-8, so by uploading the file saved with character code UTF-8, there is a possibility that garbled characters can be avoided. Learn more about file uploads from  pages 44 to 46 of the manual for Teacher ."""
Which character code should I upload the file for?,A007,C001,Documents,"When displaying text files in a browser, the character code for display set in the browser should be used. At this time, if the character code of the file and the display character code of the browser are different, they will be garbled. Match the browser display character code to the file character code. If you find it difficult to match, please download the file. In many browsers, the character code for display is often set to UTF-8, so by uploading the file saved with character code UTF-8, there is a possibility that garbled characters can be avoided. Learn more about file uploads from  pages 44 to 46 of the manual for Teacher ."""
I want to let someone upload the file.,A008,C001,Documents,"By granting document creation authority to TA/Tutor role, TA/Tutor can upload files on behalf of the teacher. First, create a folder for sharing files in the document function. Next, select 'Edit Folder Permissions' from the drop-down list of this folder, and set the permission checkmark appropriately. The materials need to be prepared by the teacher."
I want other staff to upload files.,A008,C001,Documents,"By granting document creation authority to TA/Tutor role, TA/Tutor can upload files on behalf of the teacher. First, create a folder for sharing files in the document function. Next, select 'Edit Folder Permissions' from the drop-down list of this folder, and set the permission checkmark appropriately. The materials need to be prepared by the teacher."
Does class support students have the upload permission?,A008,C001,Documents,"By granting document creation authority to TA/Tutor role, TA/Tutor can upload files on behalf of the teacher. First, create a folder for sharing files in the document function. Next, select 'Edit Folder Permissions' from the drop-down list of this folder, and set the permission checkmark appropriately. The materials need to be prepared by the teacher."
I want TA to upload files to the course's resources. ,A008,C001,Documents,"By granting document creation authority to TA/Tutor role, TA/Tutor can upload files on behalf of the teacher. First, create a folder for sharing files in the document function. Next, select 'Edit Folder Permissions' from the drop-down list of this folder, and set the permission checkmark appropriately. The materials need to be prepared by the teacher."
Who can upload files?,A008,C001,Documents,"By granting document creation authority to TA/Tutor role, TA/Tutor can upload files on behalf of the teacher. First, create a folder for sharing files in the document function. Next, select 'Edit Folder Permissions' from the drop-down list of this folder, and set the permission checkmark appropriately. The materials need to be prepared by the teacher."
I want to give upload authority to non-teachers,A008,C001,Documents,"By granting document creation authority to TA/Tutor role, TA/Tutor can upload files on behalf of the teacher. First, create a folder for sharing files in the document function. Next, select 'Edit Folder Permissions' from the drop-down list of this folder, and set the permission checkmark appropriately. The materials need to be prepared by the teacher."
"I do not know how to upload a file to the"" document ""on the class page. ",A009,C001,Documents," pages 44 to 46 of the manual for Teacher . Upload according to the instructions in 'Distributing materials'."""
Can I upload multiple files at once?,A009,C001,Documents," pages 44 to 46 of the manual for Teacher . Upload according to the instructions in 'Distributing materials'."""
Where can I upload materials?,A009,C001,Documents," pages 44 to 46 of the manual for Teacher . Upload according to the instructions in 'Distributing materials'."""
Can I upload files to kibaco?,A009,C001,Documents," pages 44 to 46 of the manual for Teacher . Upload according to the instructions in 'Distributing materials'."""
Tell me how to upload.,A009,C001,Documents," pages 44 to 46 of the manual for Teacher . Upload according to the instructions in 'Distributing materials'."""
Can some students set resubmission settings?,A010,C002,Assignments,"Even after the deadline, it is possible for the teacher to request specific students to resubmit. The final acceptance date and time set in the resubmission setting will be reflected only for the student, and will not be reflected in the overall final acceptance date."
I would like to resubmit only the student who submitted the poor task.,A010,C002,Assignments,"Even after the deadline, it is possible for the teacher to request specific students to resubmit. The final acceptance date and time set in the resubmission setting will be reflected only for the student, and will not be reflected in the overall final acceptance date."
I would like to have students who submit incomplete assignments resubmit.,A010,C002,Assignments,"Even after the deadline, it is possible for the teacher to request specific students to resubmit. The final acceptance date and time set in the resubmission setting will be reflected only for the student, and will not be reflected in the overall final acceptance date."
Can I resubmit the assignment after the final acceptance date?,A010,C002,Assignments,"Even after the deadline, it is possible for the teacher to request specific students to resubmit. The final acceptance date and time set in the resubmission setting will be reflected only for the student, and will not be reflected in the overall final acceptance date."
"I have set the resubmission settings for specific students, but they will not be reflected in the overall final acceptance date. Can students resubmit in this state?",A010,C002,Assignments,"Even after the deadline, it is possible for the teacher to request specific students to resubmit. The final acceptance date and time set in the resubmission setting will be reflected only for the student, and will not be reflected in the overall final acceptance date."
"After the deadline, it seems that the resubmission is not possible, but can I do it?",A010,C002,Assignments,"Even after the deadline, it is possible for the teacher to request specific students to resubmit. The final acceptance date and time set in the resubmission setting will be reflected only for the student, and will not be reflected in the overall final acceptance date."
Can I modify the submission deadline after the final acceptance date?,A011,C002,Assignments,"It is possible to submit an assignment by changing the deadline. Details are  pages 55 ~ 59 of the manual for Teacher ."""
I want to be able to submit again the assignments that have been published in the past.,A011,C002,Assignments,"It is possible to submit an assignment by changing the deadline. Details are  pages 55 ~ 59 of the manual for Teacher ."""
Can I edit the submission deadline and reset it for submission?,A011,C002,Assignments,"It is possible to submit an assignment by changing the deadline. Details are  pages 55 ~ 59 of the manual for Teacher ."""
I would like to change the deadline so that students can submit the task once again,A011,C002,Assignments,"It is possible to submit an assignment by changing the deadline. Details are  pages 55 ~ 59 of the manual for Teacher ."""
Can I change the deadline after the deadline?,A011,C002,Assignments,"It is possible to submit an assignment by changing the deadline. Details are  pages 55 ~ 59 of the manual for Teacher ."""
I created an assignment but I was contacted by students as they could not see it.,A012,C002,Assignments,"If you cannot find the assignments, check the following points.       Student version   1. Make sure that you are registered in the course corresponding to the subject. Usually, you are registered for the course once you applied for the registration. If you are not registered in the course, you will not be able to view and submit assignments.   2. Ask the teacher in charge of the class to confirm that the assignment and submission period for the assignment is correct.     Teacher version   1. Make sure that the assignment is not saved as a draft. Students cannot view or submit drafts. Details are  pages 55 ~ 59 of the manual for Teacher .   2. Make sure that the assignment disclosure/submission period is set correctly. Students cannot view or submit assignments that are out of period. Details are  pages 55 ~ 59 of the manual for Teacher  .   3. Make sure there are no additional courses offered on the same day of the week"
A test published by the teacher is not displayed.,A012,C002,Assignments,"If you cannot find the assignments, check the following points.       Student version   1. Make sure that you are registered in the course corresponding to the subject. Usually, you are registered for the course once you applied for the registration. If you are not registered in the course, you will not be able to view and submit assignments.   2. Ask the teacher in charge of the class to confirm that the assignment and submission period for the assignment is correct.     Teacher version   1. Make sure that the assignment is not saved as a draft. Students cannot view or submit drafts. Details are  pages 55 ~ 59 of the manual for Teacher .   2. Make sure that the assignment disclosure/submission period is set correctly. Students cannot view or submit assignments that are out of period. Details are  pages 55 ~ 59 of the manual for Teacher  .   3. Make sure there are no additional courses offered on the same day of the week"
I can't see the assignment,A012,C002,Assignments,"If you cannot find the assignments, check the following points.       Student version   1. Make sure that you are registered in the course corresponding to the subject. Usually, you are registered for the course once you applied for the registration. If you are not registered in the course, you will not be able to view and submit assignments.   2. Ask the teacher in charge of the class to confirm that the assignment and submission period for the assignment is correct.     Teacher version   1. Make sure that the assignment is not saved as a draft. Students cannot view or submit drafts. Details are  pages 55 ~ 59 of the manual for Teacher .   2. Make sure that the assignment disclosure/submission period is set correctly. Students cannot view or submit assignments that are out of period. Details are  pages 55 ~ 59 of the manual for Teacher  .   3. Make sure there are no additional courses offered on the same day of the week"
The assignment is not displayed.,A012,C002,Assignments,"If you cannot find the assignments, check the following points.       Student version   1. Make sure that you are registered in the course corresponding to the subject. Usually, you are registered for the course once you applied for the registration. If you are not registered in the course, you will not be able to view and submit assignments.   2. Ask the teacher in charge of the class to confirm that the assignment and submission period for the assignment is correct.     Teacher version   1. Make sure that the assignment is not saved as a draft. Students cannot view or submit drafts. Details are  pages 55 ~ 59 of the manual for Teacher .   2. Make sure that the assignment disclosure/submission period is set correctly. Students cannot view or submit assignments that are out of period. Details are  pages 55 ~ 59 of the manual for Teacher  .   3. Make sure there are no additional courses offered on the same day of the week"
There are no assignments that should have been created,A012,C002,Assignments,"If you cannot find the assignments, check the following points.       Student version   1. Make sure that you are registered in the course corresponding to the subject. Usually, you are registered for the course once you applied for the registration. If you are not registered in the course, you will not be able to view and submit assignments.   2. Ask the teacher in charge of the class to confirm that the assignment and submission period for the assignment is correct.     Teacher version   1. Make sure that the assignment is not saved as a draft. Students cannot view or submit drafts. Details are  pages 55 ~ 59 of the manual for Teacher .   2. Make sure that the assignment disclosure/submission period is set correctly. Students cannot view or submit assignments that are out of period. Details are  pages 55 ~ 59 of the manual for Teacher  .   3. Make sure there are no additional courses offered on the same day of the week"
Files submitted in the past will be updated.,A013,C002,Assignments,"If the file name is the same, an overwrite confirmation message will be displayed, and the file will be overwritten if submitted as it is. If you want to submit as a separate file, please change the file name beforehand and submit. Details are  pages 31 ~ 33 of the manual for Student ."""
"When a student resubmits an assignment, is it overwritten if the file name is the same?",A013,C002,Assignments,"If the file name is the same, an overwrite confirmation message will be displayed, and the file will be overwritten if submitted as it is. If you want to submit as a separate file, please change the file name beforehand and submit. Details are  pages 31 ~ 33 of the manual for Student ."""
I want to keep the previously submitted file.,A013,C002,Assignments,"If the file name is the same, an overwrite confirmation message will be displayed, and the file will be overwritten if submitted as it is. If you want to submit as a separate file, please change the file name beforehand and submit. Details are  pages 31 ~ 33 of the manual for Student ."""
Can I save a file with the same name without overwriting it?,A013,C002,Assignments,"If the file name is the same, an overwrite confirmation message will be displayed, and the file will be overwritten if submitted as it is. If you want to submit as a separate file, please change the file name beforehand and submit. Details are  pages 31 ~ 33 of the manual for Student ."""
Can I save the submitted file as an alias?,A013,C002,Assignments,"If the file name is the same, an overwrite confirmation message will be displayed, and the file will be overwritten if submitted as it is. If you want to submit as a separate file, please change the file name beforehand and submit. Details are  pages 31 ~ 33 of the manual for Student ."""
I would like to copy the assignments created in other courses.,A014,C002,Assignments,"It is possible to copy assignments, documents, notices and Test/Questionnaire to courses of other subjects/classes for which you are in charge. For more details, please refer to  pages 35 ~ 40 of the manual for Teacher ."""
I want to copy files from other courses,A014,C002,Assignments,"It is possible to copy assignments, documents, notices and Test/Questionnaire to courses of other subjects/classes for which you are in charge. For more details, please refer to  pages 35 ~ 40 of the manual for Teacher ."""
I want to copy files from other classes,A014,C002,Assignments,"It is possible to copy assignments, documents, notices and Test/Questionnaire to courses of other subjects/classes for which you are in charge. For more details, please refer to  pages 35 ~ 40 of the manual for Teacher ."""
Can I copy the same task to another class?,A014,C002,Assignments,"It is possible to copy assignments, documents, notices and Test/Questionnaire to courses of other subjects/classes for which you are in charge. For more details, please refer to  pages 35 ~ 40 of the manual for Teacher ."""
Can I copy all assignments to another course?,A014,C002,Assignments,"It is possible to copy assignments, documents, notices and Test/Questionnaire to courses of other subjects/classes for which you are in charge. For more details, please refer to  pages 35 ~ 40 of the manual for Teacher ."""
I want to copy assignments from other courses.,A014,C002,Assignments,"It is possible to copy assignments, documents, notices and Test/Questionnaire to courses of other subjects/classes for which you are in charge. For more details, please refer to  pages 35 ~ 40 of the manual for Teacher ."""
Can I duplicate the created assignments?,A015,C002,Assignments,"You can duplicate an assignment by clicking 'Duplicate' under the assignment title. Tasks created by duplication will be in draft status, so please edit and use them."
I want to duplicate the assignments,A015,C002,Assignments,"You can duplicate an assignment by clicking 'Duplicate' under the assignment title. Tasks created by duplication will be in draft status, so please edit and use them."
"I want to copy the same assignment again,",A015,C002,Assignments,"You can duplicate an assignment by clicking 'Duplicate' under the assignment title. Tasks created by duplication will be in draft status, so please edit and use them."
Can I copy the assignments?,A015,C002,Assignments,"You can duplicate an assignment by clicking 'Duplicate' under the assignment title. Tasks created by duplication will be in draft status, so please edit and use them."
Can I duplicate the same assignment?,A015,C002,Assignments,"You can duplicate an assignment by clicking 'Duplicate' under the assignment title. Tasks created by duplication will be in draft status, so please edit and use them."
I would like to have the staff collect the submissions of the assignment but there is no authority other than TA?,A016,C002,Assignments,"The teacher can change the authority so that users with 'TA/Tutor' authority can download assignment submissions. To change the permission, first, click on 'Permission' in the menu bar, and then on the permission setting screen, add a checkmark to 'Operation for all groups in class' and 'Scoring'. Remember that it is necessary for the teacher to input scoring and results."
I want TA to download the issue.,A016,C002,Assignments,"The teacher can change the authority so that users with 'TA/Tutor' authority can download assignment submissions. To change the permission, first, click on 'Permission' in the menu bar, and then on the permission setting screen, add a checkmark to 'Operation for all groups in class' and 'Scoring'. Remember that it is necessary for the teacher to input scoring and results."
I want to leave the download of submissions to TA.,A016,C002,Assignments,"The teacher can change the authority so that users with 'TA/Tutor' authority can download assignment submissions. To change the permission, first, click on 'Permission' in the menu bar, and then on the permission setting screen, add a checkmark to 'Operation for all groups in class' and 'Scoring'. Remember that it is necessary for the teacher to input scoring and results."
I want the staff to download the submissions,A016,C002,Assignments,"The teacher can change the authority so that users with 'TA/Tutor' authority can download assignment submissions. To change the permission, first, click on 'Permission' in the menu bar, and then on the permission setting screen, add a checkmark to 'Operation for all groups in class' and 'Scoring'. Remember that it is necessary for the teacher to input scoring and results."
Can a non-teacher download the task file?,A016,C002,Assignments,"The teacher can change the authority so that users with 'TA/Tutor' authority can download assignment submissions. To change the permission, first, click on 'Permission' in the menu bar, and then on the permission setting screen, add a checkmark to 'Operation for all groups in class' and 'Scoring'. Remember that it is necessary for the teacher to input scoring and results."
"When I download a folder, I want to delete the internal folder so that I can see all the files in a list.",A017,C002,Assignments,"Unfortunately, you cannot change the folder hierarchy for downloading."
Can I get rid of the structure when I download a nested folder?,A017,C002,Assignments,"Unfortunately, you cannot change the folder hierarchy for downloading."
Can hierarchical folder structure not be flat?,A017,C002,Assignments,"Unfortunately, you cannot change the folder hierarchy for downloading."
"There is no folder, I want to export only files.",A017,C002,Assignments,"Unfortunately, you cannot change the folder hierarchy for downloading."
I would like to eliminate the hierarchical structure when downloading each folder.,A017,C002,Assignments,"Unfortunately, you cannot change the folder hierarchy for downloading."
I would like to receive an email notification when the deadline for the assignment is approaching.,A018,C002,Assignments,"If you check 'Send reminder email' on the assignment creation screen, you can remind the unsubmitted students by email 24 hours before the due date. In addition, since the assignment submission authority is granted to teachers as a standard, reminder emails will also be sent to teachers. For details, see  page 58 of the manual for Teacher  and  pages 63 of the manual for Teacher ."""
I want to notify students before the deadline,A018,C002,Assignments,"If you check 'Send reminder email' on the assignment creation screen, you can remind the unsubmitted students by email 24 hours before the due date. In addition, since the assignment submission authority is granted to teachers as a standard, reminder emails will also be sent to teachers. For details, see  page 58 of the manual for Teacher  and  pages 63 of the manual for Teacher ."""
Can I set reminder?,A018,C002,Assignments,"If you check 'Send reminder email' on the assignment creation screen, you can remind the unsubmitted students by email 24 hours before the due date. In addition, since the assignment submission authority is granted to teachers as a standard, reminder emails will also be sent to teachers. For details, see  page 58 of the manual for Teacher  and  pages 63 of the manual for Teacher ."""
I want to notify students before the deadline.,A018,C002,Assignments,"If you check 'Send reminder email' on the assignment creation screen, you can remind the unsubmitted students by email 24 hours before the due date. In addition, since the assignment submission authority is granted to teachers as a standard, reminder emails will also be sent to teachers. For details, see  page 58 of the manual for Teacher  and  pages 63 of the manual for Teacher ."""
I would like to send a reminder of the assignment.,A018,C002,Assignments,"If you check 'Send reminder email' on the assignment creation screen, you can remind the unsubmitted students by email 24 hours before the due date. In addition, since the assignment submission authority is granted to teachers as a standard, reminder emails will also be sent to teachers. For details, see  page 58 of the manual for Teacher  and  pages 63 of the manual for Teacher ."""
Are there settings to notify students before the deadline?,A018,C002,Assignments,"If you check 'Send reminder email' on the assignment creation screen, you can remind the unsubmitted students by email 24 hours before the due date. In addition, since the assignment submission authority is granted to teachers as a standard, reminder emails will also be sent to teachers. For details, see  page 58 of the manual for Teacher  and  pages 63 of the manual for Teacher ."""
No notification about the assignment has arrived.,A019,C002,Assignments,"The teachers in each class can set whether to be notified by e-mail when the addition or modification of the assignment is posted or the notification is posted. Even if the student wants to be notified, the notification will not be received unless the teacher in charge of the class sets it. In addition, since the assignment submission authority is granted to teachers as a standard, notification emails will also be sent to teachers if notifications such as adding tasks are set. For details, see  page 58 of the manual for Teacher ."""
"I would like to send a notification email to myself (teacher),",A019,C002,Assignments,"The teachers in each class can set whether to be notified by e-mail when the addition or modification of the assignment is posted or the notification is posted. Even if the student wants to be notified, the notification will not be received unless the teacher in charge of the class sets it. In addition, since the assignment submission authority is granted to teachers as a standard, notification emails will also be sent to teachers if notifications such as adding tasks are set. For details, see  page 58 of the manual for Teacher ."""
Can I notify that I changed the content of the assignment?,A019,C002,Assignments,"The teachers in each class can set whether to be notified by e-mail when the addition or modification of the assignment is posted or the notification is posted. Even if the student wants to be notified, the notification will not be received unless the teacher in charge of the class sets it. In addition, since the assignment submission authority is granted to teachers as a standard, notification emails will also be sent to teachers if notifications such as adding tasks are set. For details, see  page 58 of the manual for Teacher ."""
I would like to inform students the change in assignment,A019,C002,Assignments,"The teachers in each class can set whether to be notified by e-mail when the addition or modification of the assignment is posted or the notification is posted. Even if the student wants to be notified, the notification will not be received unless the teacher in charge of the class sets it. In addition, since the assignment submission authority is granted to teachers as a standard, notification emails will also be sent to teachers if notifications such as adding tasks are set. For details, see  page 58 of the manual for Teacher ."""
I want to be notified of the addition of an assignment,A019,C002,Assignments,"The teachers in each class can set whether to be notified by e-mail when the addition or modification of the assignment is posted or the notification is posted. Even if the student wants to be notified, the notification will not be received unless the teacher in charge of the class sets it. In addition, since the assignment submission authority is granted to teachers as a standard, notification emails will also be sent to teachers if notifications such as adding tasks are set. For details, see  page 58 of the manual for Teacher ."""
I cannot submit an assignment even after the assignment deadline has been adjusted.,A020,C002,Assignments,"Assignments can be submitted repeatedly until the final acceptance date. In addition, even if the deadline has been extended, if it has already been evaluated, it cannot be submitted for replacement. Details are  pages 29-33 of the manual for Student "
The deadline for the assignment is not working,A020,C002,Assignments,"Assignments can be submitted repeatedly until the final acceptance date. In addition, even if the deadline has been extended, if it has already been evaluated, it cannot be submitted for replacement. Details are  pages 29-33 of the manual for Student "
The submission was completed even after the date and time of the assignment.,A020,C002,Assignments,"Assignments can be submitted repeatedly until the final acceptance date. In addition, even if the deadline has been extended, if it has already been evaluated, it cannot be submitted for replacement. Details are  pages 29-33 of the manual for Student "
Can't submit assignment,A020,C002,Assignments,"Assignments can be submitted repeatedly until the final acceptance date. In addition, even if the deadline has been extended, if it has already been evaluated, it cannot be submitted for replacement. Details are  pages 29-33 of the manual for Student "
Can I submit delayed submissions more than once?,A020,C002,Assignments,"Assignments can be submitted repeatedly until the final acceptance date. In addition, even if the deadline has been extended, if it has already been evaluated, it cannot be submitted for replacement. Details are  pages 29-33 of the manual for Student "
Please let me know how to get the grade list of the assignment.,A021,C002,Assignments,"In order to reflect the scoring results for the assignment in the gradebook, it is first necessary to select 'Add an assignment to gradebook' when creating the assignment. Next, scoring results will be reflected in the gradebook by scoring the submitted assignments and returning them to the students. In addition, you can use the 'Submission Status List' to know the submission status of assignments and the scoring results in a list. The submission status list can also be downloaded as an Excel file. For more details, see  pages 55-62 of the manual for Teacher ."""
Evaluated grades for the task are not reflected in the gradebook.,A021,C002,Assignments,"In order to reflect the scoring results for the assignment in the gradebook, it is first necessary to select 'Add an assignment to gradebook' when creating the assignment. Next, scoring results will be reflected in the gradebook by scoring the submitted assignments and returning them to the students. In addition, you can use the 'Submission Status List' to know the submission status of assignments and the scoring results in a list. The submission status list can also be downloaded as an Excel file. For more details, see  pages 55-62 of the manual for Teacher ."""
I want to know the submission status of the assignment.,A021,C002,Assignments,"In order to reflect the scoring results for the assignment in the gradebook, it is first necessary to select 'Add an assignment to gradebook' when creating the assignment. Next, scoring results will be reflected in the gradebook by scoring the submitted assignments and returning them to the students. In addition, you can use the 'Submission Status List' to know the submission status of assignments and the scoring results in a list. The submission status list can also be downloaded as an Excel file. For more details, see  pages 55-62 of the manual for Teacher ."""
I want to reflect my students’ grades,A021,C002,Assignments,"In order to reflect the scoring results for the assignment in the gradebook, it is first necessary to select 'Add an assignment to gradebook' when creating the assignment. Next, scoring results will be reflected in the gradebook by scoring the submitted assignments and returning them to the students. In addition, you can use the 'Submission Status List' to know the submission status of assignments and the scoring results in a list. The submission status list can also be downloaded as an Excel file. For more details, see  pages 55-62 of the manual for Teacher ."""
When will the grade results be reflected in the gradebook?,A021,C002,Assignments,"In order to reflect the scoring results for the assignment in the gradebook, it is first necessary to select 'Add an assignment to gradebook' when creating the assignment. Next, scoring results will be reflected in the gradebook by scoring the submitted assignments and returning them to the students. In addition, you can use the 'Submission Status List' to know the submission status of assignments and the scoring results in a list. The submission status list can also be downloaded as an Excel file. For more details, see  pages 55-62 of the manual for Teacher ."""
I cannot see the assignments submitted by the students.,A022,C002,Assignments,"Students may replace their submissions until the deadline, so it is not possible to review or score submissions of assignments prior to the deadline. If you need to check immediately,  page 56 of the manual for Teacher . You can change the deadline settings as described in detail on the page"
Can't you score the question before the deadline?,A022,C002,Assignments,"Students may replace their submissions until the deadline, so it is not possible to review or score submissions of assignments prior to the deadline. If you need to check immediately,  page 56 of the manual for Teacher . You can change the deadline settings as described in detail on the page"
Can student's submissions to assignments not be batch downloaded until the deadline date?,A022,C002,Assignments,"Students may replace their submissions until the deadline, so it is not possible to review or score submissions of assignments prior to the deadline. If you need to check immediately,  page 56 of the manual for Teacher . You can change the deadline settings as described in detail on the page"
"I created an assignment that imposed text description and file attachment, but I cannot confirm the text content written by the student.",A022,C002,Assignments,"Students may replace their submissions until the deadline, so it is not possible to review or score submissions of assignments prior to the deadline. If you need to check immediately,  page 56 of the manual for Teacher . You can change the deadline settings as described in detail on the page"
I cannot grade the assignment.,A022,C002,Assignments,"Students may replace their submissions until the deadline, so it is not possible to review or score submissions of assignments prior to the deadline. If you need to check immediately,  page 56 of the manual for Teacher . You can change the deadline settings as described in detail on the page"
A user who said they have taken a test is not ready to check the results.,A023,C003,Test/Questionnaire,"Test/Questionnaire will not be submitted unless the 'Submit' button is pressed. Please note that pressing the 'Save' button will not result in submission. For details, see  pages 34 to 36 of the manual for Student . The teacher cannot confirm the content of the saved status."""
I cannot see the results of the students who have taken the test.,A023,C003,Test/Questionnaire,"Test/Questionnaire will not be submitted unless the 'Submit' button is pressed. Please note that pressing the 'Save' button will not result in submission. For details, see  pages 34 to 36 of the manual for Student . The teacher cannot confirm the content of the saved status."""
There are no test results for students,A023,C003,Test/Questionnaire,"Test/Questionnaire will not be submitted unless the 'Submit' button is pressed. Please note that pressing the 'Save' button will not result in submission. For details, see  pages 34 to 36 of the manual for Student . The teacher cannot confirm the content of the saved status."""
I would like to view saved tests.,A023,C003,Test/Questionnaire,"Test/Questionnaire will not be submitted unless the 'Submit' button is pressed. Please note that pressing the 'Save' button will not result in submission. For details, see  pages 34 to 36 of the manual for Student . The teacher cannot confirm the content of the saved status."""
Is it possible to submit my results even with the Save button?,A023,C003,Test/Questionnaire,"Test/Questionnaire will not be submitted unless the 'Submit' button is pressed. Please note that pressing the 'Save' button will not result in submission. For details, see  pages 34 to 36 of the manual for Student . The teacher cannot confirm the content of the saved status."""
"We received an inquiry from the user who registered for the subject, ""I can not answer the test."" ",A024,C003,Test/Questionnaire,"If you cannot find the 'Test/Questionnaire', please check the following points.       Student version   1. Make sure that you are registered in the course corresponding to the subject. Usually, you are registered for the course once you applied for the registration. If you are not registered in the course, you will not be able to view and answer the 'Test/Questionnaire'.   2. Ask the teacher in charge of the class to confirm that the 'Test/Questionnaire' disclosure/response period is set correctly.       Teacher version   1. Please make sure that the 'Test/Questionnaire' set the reading/answer date and reflect the setting. In the case of a draft, students cannot view or respond. For more information, see  pages 68 ~ 69 of the manual for Teacher  .   2. Make sure that the 'Test/Questionnaire' disclosure/response period is set correctly. Students cannot view or respond to 'Test/Questionnaire' that are out of period. For more information"
Students cannot take the test,A024,C003,Test/Questionnaire,"If you cannot find the 'Test/Questionnaire', please check the following points.       Student version   1. Make sure that you are registered in the course corresponding to the subject. Usually, you are registered for the course once you applied for the registration. If you are not registered in the course, you will not be able to view and answer the 'Test/Questionnaire'.   2. Ask the teacher in charge of the class to confirm that the 'Test/Questionnaire' disclosure/response period is set correctly.       Teacher version   1. Please make sure that the 'Test/Questionnaire' set the reading/answer date and reflect the setting. In the case of a draft, students cannot view or respond. For more information, see  pages 68 ~ 69 of the manual for Teacher  .   2. Make sure that the 'Test/Questionnaire' disclosure/response period is set correctly. Students cannot view or respond to 'Test/Questionnaire' that are out of period. For more information"
Students cannot take a test,A024,C003,Test/Questionnaire,"If you cannot find the 'Test/Questionnaire', please check the following points.       Student version   1. Make sure that you are registered in the course corresponding to the subject. Usually, you are registered for the course once you applied for the registration. If you are not registered in the course, you will not be able to view and answer the 'Test/Questionnaire'.   2. Ask the teacher in charge of the class to confirm that the 'Test/Questionnaire' disclosure/response period is set correctly.       Teacher version   1. Please make sure that the 'Test/Questionnaire' set the reading/answer date and reflect the setting. In the case of a draft, students cannot view or respond. For more information, see  pages 68 ~ 69 of the manual for Teacher  .   2. Make sure that the 'Test/Questionnaire' disclosure/response period is set correctly. Students cannot view or respond to 'Test/Questionnaire' that are out of period. For more information"
Can't TA get a test?,A024,C003,Test/Questionnaire,"If you cannot find the 'Test/Questionnaire', please check the following points.       Student version   1. Make sure that you are registered in the course corresponding to the subject. Usually, you are registered for the course once you applied for the registration. If you are not registered in the course, you will not be able to view and answer the 'Test/Questionnaire'.   2. Ask the teacher in charge of the class to confirm that the 'Test/Questionnaire' disclosure/response period is set correctly.       Teacher version   1. Please make sure that the 'Test/Questionnaire' set the reading/answer date and reflect the setting. In the case of a draft, students cannot view or respond. For more information, see  pages 68 ~ 69 of the manual for Teacher  .   2. Make sure that the 'Test/Questionnaire' disclosure/response period is set correctly. Students cannot view or respond to 'Test/Questionnaire' that are out of period. For more information"
The registered student is unable to answer the test.,A024,C003,Test/Questionnaire,"If you cannot find the 'Test/Questionnaire', please check the following points.       Student version   1. Make sure that you are registered in the course corresponding to the subject. Usually, you are registered for the course once you applied for the registration. If you are not registered in the course, you will not be able to view and answer the 'Test/Questionnaire'.   2. Ask the teacher in charge of the class to confirm that the 'Test/Questionnaire' disclosure/response period is set correctly.       Teacher version   1. Please make sure that the 'Test/Questionnaire' set the reading/answer date and reflect the setting. In the case of a draft, students cannot view or respond. For more information, see  pages 68 ~ 69 of the manual for Teacher  .   2. Make sure that the 'Test/Questionnaire' disclosure/response period is set correctly. Students cannot view or respond to 'Test/Questionnaire' that are out of period. For more information"
I want to check the behavior of the test without being seen by students.,A025,C003,Test/Questionnaire,"You can check how created tests work by pre-view. Details are:  pages 94~95 of the manual for Teacher ."""
I want to check the test I created,A025,C003,Test/Questionnaire,"You can check how created tests work by pre-view. Details are:  pages 94~95 of the manual for Teacher ."""
I want to check the behavior without releasing the test,A025,C003,Test/Questionnaire,"You can check how created tests work by pre-view. Details are:  pages 94~95 of the manual for Teacher ."""
I want to know how to check the test without showing it to the students.,A025,C003,Test/Questionnaire,"You can check how created tests work by pre-view. Details are:  pages 94~95 of the manual for Teacher ."""
I want to check the pre-publication test,A025,C003,Test/Questionnaire,"You can check how created tests work by pre-view. Details are:  pages 94~95 of the manual for Teacher ."""
"I made the students answer the test they created, but they are in a state where they cannot distinguish the students on the screen that confirms the test response.",A026,C003,Test/Questionnaire,"In 'Test/Questionnaire', it is possible to anonymize the respondent by setting 'Student identification information' to 'Anonymous scoring only' in 'Scoring' item on the setting screen. If the submission ID is displayed but the name cannot be confirmed, please check if it is set as 'Anonymous scoring only'."
Can we make test respondents anonymous,A026,C003,Test/Questionnaire,"In 'Test/Questionnaire', it is possible to anonymize the respondent by setting 'Student identification information' to 'Anonymous scoring only' in 'Scoring' item on the setting screen. If the submission ID is displayed but the name cannot be confirmed, please check if it is set as 'Anonymous scoring only'."
I cannot confirm which student answered,A026,C003,Test/Questionnaire,"In 'Test/Questionnaire', it is possible to anonymize the respondent by setting 'Student identification information' to 'Anonymous scoring only' in 'Scoring' item on the setting screen. If the submission ID is displayed but the name cannot be confirmed, please check if it is set as 'Anonymous scoring only'."
Can I set test participant information anonymously?,A026,C003,Test/Questionnaire,"In 'Test/Questionnaire', it is possible to anonymize the respondent by setting 'Student identification information' to 'Anonymous scoring only' in 'Scoring' item on the setting screen. If the submission ID is displayed but the name cannot be confirmed, please check if it is set as 'Anonymous scoring only'."
Can we create an anonymous survey?,A026,C003,Test/Questionnaire,"In 'Test/Questionnaire', it is possible to anonymize the respondent by setting 'Student identification information' to 'Anonymous scoring only' in 'Scoring' item on the setting screen. If the submission ID is displayed but the name cannot be confirmed, please check if it is set as 'Anonymous scoring only'."
"The questionnaire was conducted but the submitter's name is not displayed, instead the submission ID is displayed.",A026,C003,Test/Questionnaire,"In 'Test/Questionnaire', it is possible to anonymize the respondent by setting 'Student identification information' to 'Anonymous scoring only' in 'Scoring' item on the setting screen. If the submission ID is displayed but the name cannot be confirmed, please check if it is set as 'Anonymous scoring only'."
"I created a Test/Questionnaire, but in the specific test, the student who responded is displayed as a submission ID and can not identify the individual.",A026,C003,Test/Questionnaire,"In 'Test/Questionnaire', it is possible to anonymize the respondent by setting 'Student identification information' to 'Anonymous scoring only' in 'Scoring' item on the setting screen. If the submission ID is displayed but the name cannot be confirmed, please check if it is set as 'Anonymous scoring only'."
The survey results were anonymous,A026,C003,Test/Questionnaire,"In 'Test/Questionnaire', it is possible to anonymize the respondent by setting 'Student identification information' to 'Anonymous scoring only' in 'Scoring' item on the setting screen. If the submission ID is displayed but the name cannot be confirmed, please check if it is set as 'Anonymous scoring only'."
I want TA to be able to enter questions to a questionnaire.,A027,C003,Test/Questionnaire,"By contacting the system administrator, users registered as 'TA/Tutors' in the course will be able to enter questions on behalf of the teacher. The questions the 'TA/Tutors' have entered will be shared with the teacher using the 'Problem Pool'. It is necessary for the teacher to create and disclose a 'Test/Questionnaire' using this problem pool. In addition, the teacher needs to create the problem."
Can staff enter test questions?,A027,C003,Test/Questionnaire,"By contacting the system administrator, users registered as 'TA/Tutors' in the course will be able to enter questions on behalf of the teacher. The questions the 'TA/Tutors' have entered will be shared with the teacher using the 'Problem Pool'. It is necessary for the teacher to create and disclose a 'Test/Questionnaire' using this problem pool. In addition, the teacher needs to create the problem."
I want TA to enter a problem,A027,C003,Test/Questionnaire,"By contacting the system administrator, users registered as 'TA/Tutors' in the course will be able to enter questions on behalf of the teacher. The questions the 'TA/Tutors' have entered will be shared with the teacher using the 'Problem Pool'. It is necessary for the teacher to create and disclose a 'Test/Questionnaire' using this problem pool. In addition, the teacher needs to create the problem."
Can TA or staff enter a problem?,A027,C003,Test/Questionnaire,"By contacting the system administrator, users registered as 'TA/Tutors' in the course will be able to enter questions on behalf of the teacher. The questions the 'TA/Tutors' have entered will be shared with the teacher using the 'Problem Pool'. It is necessary for the teacher to create and disclose a 'Test/Questionnaire' using this problem pool. In addition, the teacher needs to create the problem."
I want to let people without teacher's authority enter a problem.,A027,C003,Test/Questionnaire,"By contacting the system administrator, users registered as 'TA/Tutors' in the course will be able to enter questions on behalf of the teacher. The questions the 'TA/Tutors' have entered will be shared with the teacher using the 'Problem Pool'. It is necessary for the teacher to create and disclose a 'Test/Questionnaire' using this problem pool. In addition, the teacher needs to create the problem."
I would like to use the problem that TA considered to the test.,A027,C003,Test/Questionnaire,"By contacting the system administrator, users registered as 'TA/Tutors' in the course will be able to enter questions on behalf of the teacher. The questions the 'TA/Tutors' have entered will be shared with the teacher using the 'Problem Pool'. It is necessary for the teacher to create and disclose a 'Test/Questionnaire' using this problem pool. In addition, the teacher needs to create the problem."
I want to limit the answer to half-width characters in the settings for the test questions.,A028,C003,Test/Questionnaire,"You cannot restrict input character types on kibaco. If you want to impose restrictions such as entering only single-byte characters, please write a note on the problem statement."
I want to limit the input characters when I answer the test.,A028,C003,Test/Questionnaire,"You cannot restrict input character types on kibaco. If you want to impose restrictions such as entering only single-byte characters, please write a note on the problem statement."
Can I only enter full-width characters?,A028,C003,Test/Questionnaire,"You cannot restrict input character types on kibaco. If you want to impose restrictions such as entering only single-byte characters, please write a note on the problem statement."
Can kibaco impose restrictions on input characters?,A028,C003,Test/Questionnaire,"You cannot restrict input character types on kibaco. If you want to impose restrictions such as entering only single-byte characters, please write a note on the problem statement."
Are there any ways to limit input characters?,A028,C003,Test/Questionnaire,"You cannot restrict input character types on kibaco. If you want to impose restrictions such as entering only single-byte characters, please write a note on the problem statement."
I want to keep track of the assignment I created,A029,C003,Test/Questionnaire,The 'Problem Pool' allows you to accumulate problems and create tests from those automatically selected.
Can't automatically create a test from an already created problem?,A029,C003,Test/Questionnaire,The 'Problem Pool' allows you to accumulate problems and create tests from those automatically selected.
I want to automate test creation,A029,C003,Test/Questionnaire,The 'Problem Pool' allows you to accumulate problems and create tests from those automatically selected.
I want to make tests systematically,A029,C003,Test/Questionnaire,The 'Problem Pool' allows you to accumulate problems and create tests from those automatically selected.
Can't we accumulate test problems and output them randomly?,A029,C003,Test/Questionnaire,The 'Problem Pool' allows you to accumulate problems and create tests from those automatically selected.
"I created a test in the form of questions from the question pool, but the correct answer set in the question pool is different from the correct answer on the published test.",A030,C003,Test/Questionnaire,"If you modify the 'answers' in the 'Problem Pool' after creating a test, the tests you have already created will not automatically be reflected. Please drop the test and create again."
Are problems in the problem pool fixed but are automatically reflected in the test I already created?,A030,C003,Test/Questionnaire,"If you modify the 'answers' in the 'Problem Pool' after creating a test, the tests you have already created will not automatically be reflected. Please drop the test and create again."
Problem pool and test are not linked,A030,C003,Test/Questionnaire,"If you modify the 'answers' in the 'Problem Pool' after creating a test, the tests you have already created will not automatically be reflected. Please drop the test and create again."
Problem pool fix not reflected in test,A030,C003,Test/Questionnaire,"If you modify the 'answers' in the 'Problem Pool' after creating a test, the tests you have already created will not automatically be reflected. Please drop the test and create again."
Test has not been modified,A030,C003,Test/Questionnaire,"If you modify the 'answers' in the 'Problem Pool' after creating a test, the tests you have already created will not automatically be reflected. Please drop the test and create again."
I would like to create a test using the questions entered by the staff.,A031,C003,Test/Questionnaire,"First of all, sharing pooled problems among teachers is possible by default. If you want to include TA/Tutor as the sharing partner, it is possible by contacting the system administrator. The content of the problem needs to be considered by the teacher, and the subpool can be added only by the teacher who created the problem pool."
"The teacher shares the problem pool entered by the TA, but it seems that the teacher cannot share it with others. Should I copy the problem pool once?",A031,C003,Test/Questionnaire,"First of all, sharing pooled problems among teachers is possible by default. If you want to include TA/Tutor as the sharing partner, it is possible by contacting the system administrator. The content of the problem needs to be considered by the teacher, and the subpool can be added only by the teacher who created the problem pool."
The TA entered a problem in a subpool of the problem pool but cannot see the subpool from the teacher.,A031,C003,Test/Questionnaire,"First of all, sharing pooled problems among teachers is possible by default. If you want to include TA/Tutor as the sharing partner, it is possible by contacting the system administrator. The content of the problem needs to be considered by the teacher, and the subpool can be added only by the teacher who created the problem pool."
The TA cannot add a subpool to the problem pool shared by the TA with the teacher.,A031,C003,Test/Questionnaire,"First of all, sharing pooled problems among teachers is possible by default. If you want to include TA/Tutor as the sharing partner, it is possible by contacting the system administrator. The content of the problem needs to be considered by the teacher, and the subpool can be added only by the teacher who created the problem pool."
I would like to share the problem pool with other teachers.,A031,C003,Test/Questionnaire,"First of all, sharing pooled problems among teachers is possible by default. If you want to include TA/Tutor as the sharing partner, it is possible by contacting the system administrator. The content of the problem needs to be considered by the teacher, and the subpool can be added only by the teacher who created the problem pool."
"The number of submissions has been set to unlimited in ""Test/Questionnaire,"" but how many delayed submissions can be made? ",A032,C003,Test/Questionnaire,"Delayed responses can only be made once. For more information, see  pages 68 ~ 69 of the manual for Teacher ."""
Can I submit a late questionnaire only once?,A032,C003,Test/Questionnaire,"Delayed responses can only be made once. For more information, see  pages 68 ~ 69 of the manual for Teacher ."""
How many times can I submit a questionnaire late?,A032,C003,Test/Questionnaire,"Delayed responses can only be made once. For more information, see  pages 68 ~ 69 of the manual for Teacher ."""
Can I upload only one questionnaire once after the deadline?,A032,C003,Test/Questionnaire,"Delayed responses can only be made once. For more information, see  pages 68 ~ 69 of the manual for Teacher ."""
Can I answer a questionnaire I forgot to submit?,A032,C003,Test/Questionnaire,"Delayed responses can only be made once. For more information, see  pages 68 ~ 69 of the manual for Teacher ."""
"The ""delay tag"" when the test is submitted late is not visible in the exported file. ",A033,C003,Test/Questionnaire,"Unfortunately, the file that exported the 'Test/Questionnaire' results does not show the 'Delayed' status. The date and time of submission will be described, so please check against the deadline to see if it is delayed."
I do not know if students delayed when I downloaded the test results.,A033,C003,Test/Questionnaire,"Unfortunately, the file that exported the 'Test/Questionnaire' results does not show the 'Delayed' status. The date and time of submission will be described, so please check against the deadline to see if it is delayed."
Can I mark and download the results of the delayed test?,A033,C003,Test/Questionnaire,"Unfortunately, the file that exported the 'Test/Questionnaire' results does not show the 'Delayed' status. The date and time of submission will be described, so please check against the deadline to see if it is delayed."
I want to keep the delay status in the exported test result file.,A033,C003,Test/Questionnaire,"Unfortunately, the file that exported the 'Test/Questionnaire' results does not show the 'Delayed' status. The date and time of submission will be described, so please check against the deadline to see if it is delayed."
Can I record the delay status in the exported file?,A033,C003,Test/Questionnaire,"Unfortunately, the file that exported the 'Test/Questionnaire' results does not show the 'Delayed' status. The date and time of submission will be described, so please check against the deadline to see if it is delayed."
"My browser fell along the way, can I resume the survey?",A034,C003,Test/Questionnaire,"If you are answering a selected test or questionnaire from the 'Test/Questionnaire' screen, you can save the answer on the way and resume on another occasion. If the URL is notified and answered, it can be saved but cannot be resumed on another occasion. For details, please see  page 35 of the manual for Student ."""
Is it okay if I interrupt the questionnaire once?,A034,C003,Test/Questionnaire,"If you are answering a selected test or questionnaire from the 'Test/Questionnaire' screen, you can save the answer on the way and resume on another occasion. If the URL is notified and answered, it can be saved but cannot be resumed on another occasion. For details, please see  page 35 of the manual for Student ."""
I want to save the answer result,A034,C003,Test/Questionnaire,"If you are answering a selected test or questionnaire from the 'Test/Questionnaire' screen, you can save the answer on the way and resume on another occasion. If the URL is notified and answered, it can be saved but cannot be resumed on another occasion. For details, please see  page 35 of the manual for Student ."""
I would like to record the answer once,A034,C003,Test/Questionnaire,"If you are answering a selected test or questionnaire from the 'Test/Questionnaire' screen, you can save the answer on the way and resume on another occasion. If the URL is notified and answered, it can be saved but cannot be resumed on another occasion. For details, please see  page 35 of the manual for Student ."""
Does a questionnaire once interrupted have to be entered from the beginning?,A034,C003,Test/Questionnaire,"If you are answering a selected test or questionnaire from the 'Test/Questionnaire' screen, you can save the answer on the way and resume on another occasion. If the URL is notified and answered, it can be saved but cannot be resumed on another occasion. For details, please see  page 35 of the manual for Student ."""
"If the input is interrupted for the questionnaire published as ""the person to whom the response URL was sent"", can it be resumed?",A035,C003,Test/Questionnaire,"If the method of publishing the questionnaire is 'who contacted the URL for response', even if it can be saved, it can not be resumed at another opportunity. It will be redone from the beginning."
"Can I enter a continuation even if I interrupt the survey published as ""the person to whom the response URL was sent? ",A035,C003,Test/Questionnaire,"If the method of publishing the questionnaire is 'who contacted the URL for response', even if it can be saved, it can not be resumed at another opportunity. It will be redone from the beginning."
"If I know the URL, and I can answer the questionnaire, can I resume when the session is disconnected?",A035,C003,Test/Questionnaire,"If the method of publishing the questionnaire is 'who contacted the URL for response', even if it can be saved, it can not be resumed at another opportunity. It will be redone from the beginning."
I interrupted the survey but I can't resume it.,A035,C003,Test/Questionnaire,"If the method of publishing the questionnaire is 'who contacted the URL for response', even if it can be saved, it can not be resumed at another opportunity. It will be redone from the beginning."
The questionnaire in the answer has disappeared.,A035,C003,Test/Questionnaire,"If the method of publishing the questionnaire is 'who contacted the URL for response', even if it can be saved, it can not be resumed at another opportunity. It will be redone from the beginning."
"When exporting questionnaire responses, numerical responses are treated as strings in the file. I want to limit the numbers.",A036,C003,Test/Questionnaire,"kibaco cannot process strings automatically. Even if there are special characters such as numbers, HTML tags and line feed codes in the answer, they are output as a character string at the time of export. If you want to correct these characters, please process the exported file."
"When exporting questionnaire responses, some of the responses show ""-br-- "". ",A036,C003,Test/Questionnaire,"kibaco cannot process strings automatically. Even if there are special characters such as numbers, HTML tags and line feed codes in the answer, they are output as a character string at the time of export. If you want to correct these characters, please process the exported file."
Can you convert the characters in questionnaires to other types with kibaco?,A036,C003,Test/Questionnaire,"kibaco cannot process strings automatically. Even if there are special characters such as numbers, HTML tags and line feed codes in the answer, they are output as a character string at the time of export. If you want to correct these characters, please process the exported file."
Can HTML tags be used in questionnaire?,A036,C003,Test/Questionnaire,"kibaco cannot process strings automatically. Even if there are special characters such as numbers, HTML tags and line feed codes in the answer, they are output as a character string at the time of export. If you want to correct these characters, please process the exported file."
Is the number in the questionnaire only a string,A036,C003,Test/Questionnaire,"kibaco cannot process strings automatically. Even if there are special characters such as numbers, HTML tags and line feed codes in the answer, they are output as a character string at the time of export. If you want to correct these characters, please process the exported file."
Is it possible to correct the questions on the published Test/Questionnaire?,A037,C003,Test/Questionnaire,"Once you create a 'Test/Questionnaire' and publish it, you cannot modify that question. You need to withdraw it once and publish it again."
Can I fix the text of question in the questionnaire published to students?,A037,C003,Test/Questionnaire,"Once you create a 'Test/Questionnaire' and publish it, you cannot modify that question. You need to withdraw it once and publish it again."
I can't fix the question of the questionnaire,A037,C003,Test/Questionnaire,"Once you create a 'Test/Questionnaire' and publish it, you cannot modify that question. You need to withdraw it once and publish it again."
I would like to know how to modify the published questionnaire.,A037,C003,Test/Questionnaire,"Once you create a 'Test/Questionnaire' and publish it, you cannot modify that question. You need to withdraw it once and publish it again."
Can I fix the problems of published questionnaires?,A037,C003,Test/Questionnaire,"Once you create a 'Test/Questionnaire' and publish it, you cannot modify that question. You need to withdraw it once and publish it again."
I exported the test results but I cannot find any questions for the answers.,A038,C003,Test/Questionnaire,"When you export 'Test/Questionnaire' results, the file contains only the answers, not the questions. Also, if you run a test or questionnaire that allows multiple answers, the exported file will contain all the answers from your students. Information on the order submitted will be included, so please use the order information to determine the first answer or the last answer."
Why are there multiple answers for the same student when exporting test results?,A038,C003,Test/Questionnaire,"When you export 'Test/Questionnaire' results, the file contains only the answers, not the questions. Also, if you run a test or questionnaire that allows multiple answers, the exported file will contain all the answers from your students. Information on the order submitted will be included, so please use the order information to determine the first answer or the last answer."
I do not see the question in its result exported as a file.,A038,C003,Test/Questionnaire,"When you export 'Test/Questionnaire' results, the file contains only the answers, not the questions. Also, if you run a test or questionnaire that allows multiple answers, the exported file will contain all the answers from your students. Information on the order submitted will be included, so please use the order information to determine the first answer or the last answer."
The same student answers more than once in the same questionnaire.,A038,C003,Test/Questionnaire,"When you export 'Test/Questionnaire' results, the file contains only the answers, not the questions. Also, if you run a test or questionnaire that allows multiple answers, the exported file will contain all the answers from your students. Information on the order submitted will be included, so please use the order information to determine the first answer or the last answer."
"Exported Excel file includes only answers, and there are many answers from the same student.",A038,C003,Test/Questionnaire,"When you export 'Test/Questionnaire' results, the file contains only the answers, not the questions. Also, if you run a test or questionnaire that allows multiple answers, the exported file will contain all the answers from your students. Information on the order submitted will be included, so please use the order information to determine the first answer or the last answer."
Can students modify their answers in Test/Questionnaire?,A039,C003,Test/Questionnaire,"You cannot modify what you have already submitted in the test or questionnaire. If multiple answers are allowed, please answer again as you can only answer as many times as the deadline. In addition, when the questionnaire is published in the setting of 'anonymous' and 'the person who contacted the URL for an answer', if there are multiple answers, they are treated as if they were answered by different people. For more information, see  pages 64 ~ 69 of the manual for Teacher ."""
"For questionnaires that have been published as ""persons to whom the URL for the response was sent"", can the content already answered be corrected later? ",A039,C003,Test/Questionnaire,"You cannot modify what you have already submitted in the test or questionnaire. If multiple answers are allowed, please answer again as you can only answer as many times as the deadline. In addition, when the questionnaire is published in the setting of 'anonymous' and 'the person who contacted the URL for an answer', if there are multiple answers, they are treated as if they were answered by different people. For more information, see  pages 64 ~ 69 of the manual for Teacher ."""
Can I correct the results other than resubmitting the questionnaire?,A039,C003,Test/Questionnaire,"You cannot modify what you have already submitted in the test or questionnaire. If multiple answers are allowed, please answer again as you can only answer as many times as the deadline. In addition, when the questionnaire is published in the setting of 'anonymous' and 'the person who contacted the URL for an answer', if there are multiple answers, they are treated as if they were answered by different people. For more information, see  pages 64 ~ 69 of the manual for Teacher ."""
I would like to change the questionnaire I answered,A039,C003,Test/Questionnaire,"You cannot modify what you have already submitted in the test or questionnaire. If multiple answers are allowed, please answer again as you can only answer as many times as the deadline. In addition, when the questionnaire is published in the setting of 'anonymous' and 'the person who contacted the URL for an answer', if there are multiple answers, they are treated as if they were answered by different people. For more information, see  pages 64 ~ 69 of the manual for Teacher ."""
I want to fix this because I accidentally closed the browser while answering the questionnaire.,A039,C003,Test/Questionnaire,"You cannot modify what you have already submitted in the test or questionnaire. If multiple answers are allowed, please answer again as you can only answer as many times as the deadline. In addition, when the questionnaire is published in the setting of 'anonymous' and 'the person who contacted the URL for an answer', if there are multiple answers, they are treated as if they were answered by different people. For more information, see  pages 64 ~ 69 of the manual for Teacher ."""
I want to check the display screen from the student when I set the resubmission setting.,A040,C004,Contents,"It is possible to switch to student authority and check. You can check in detail in the student mode. Details are  pages 94 to 95 of the manual for Teacher ."""
Can I view files to be disclosed in student mode?,A040,C004,Contents,"It is possible to switch to student authority and check. You can check in detail in the student mode. Details are  pages 94 to 95 of the manual for Teacher ."""
I want to check the settings of materials from the student's point of view.,A040,C004,Contents,"It is possible to switch to student authority and check. You can check in detail in the student mode. Details are  pages 94 to 95 of the manual for Teacher ."""
Is there a browsing function in student mode?,A040,C004,Contents,"It is possible to switch to student authority and check. You can check in detail in the student mode. Details are  pages 94 to 95 of the manual for Teacher ."""
I want to check what the students look like.,A040,C004,Contents,"It is possible to switch to student authority and check. You can check in detail in the student mode. Details are  pages 94 to 95 of the manual for Teacher ."""
I would like to take over the tests and materials in next year's class.,A041,C004,Contents,"Courses cannot be taken over, but part of the material content can be copied from other courses for which you are in charge, or to other courses. For more details, please refer to  pages 35 ~ 40 of the manual for Teacher ."""
Can I use the contents of the test or questionnaire next year?,A041,C004,Contents,"Courses cannot be taken over, but part of the material content can be copied from other courses for which you are in charge, or to other courses. For more details, please refer to  pages 35 ~ 40 of the manual for Teacher ."""
Can class content be used in next year's class?,A041,C004,Contents,"Courses cannot be taken over, but part of the material content can be copied from other courses for which you are in charge, or to other courses. For more details, please refer to  pages 35 ~ 40 of the manual for Teacher ."""
I want to share the contents of the subject with the teacher who will take over the class in the next fiscal year.,A041,C004,Contents,"Courses cannot be taken over, but part of the material content can be copied from other courses for which you are in charge, or to other courses. For more details, please refer to  pages 35 ~ 40 of the manual for Teacher ."""
I would like to use materials etc. even if the year changes.,A041,C004,Contents,"Courses cannot be taken over, but part of the material content can be copied from other courses for which you are in charge, or to other courses. For more details, please refer to  pages 35 ~ 40 of the manual for Teacher ."""
I would like to use the seminar course next year.,A042,C004,Contents,"Courses corresponding to the subject cannot be used more than one year, but course content can be copied from last year's course. For more details, please refer to  pages 35 ~ 40 of the manual for Teacher ."""
I would like to continue using the courses I have created in this year and beyond in the next year.,A042,C004,Contents,"Courses corresponding to the subject cannot be used more than one year, but course content can be copied from last year's course. For more details, please refer to  pages 35 ~ 40 of the manual for Teacher ."""
I want to use the course across the year.,A042,C004,Contents,"Courses corresponding to the subject cannot be used more than one year, but course content can be copied from last year's course. For more details, please refer to  pages 35 ~ 40 of the manual for Teacher ."""
I want to use the same course next year.,A042,C004,Contents,"Courses corresponding to the subject cannot be used more than one year, but course content can be copied from last year's course. For more details, please refer to  pages 35 ~ 40 of the manual for Teacher ."""
I would like to take over the same file in next year's class.,A042,C004,Contents,"Courses corresponding to the subject cannot be used more than one year, but course content can be copied from last year's course. For more details, please refer to  pages 35 ~ 40 of the manual for Teacher ."""
The file submitted for the assignment (Word file) became a blank state.,A043,C005,Uploading,"Two examples of file upload failure have been identified.   1. Uploading may not be possible if you use a browser outside the recommended environment. Please try uploading again using the recommended environment of kibaco.   2. When the file to be uploaded is open, uploading with a specific version of Microsoft Edge may result in an empty file. You will be able to upload successfully by closing the file and uploading again, changing the browser, updating the Edge, etc."
"When I tried to upload a file to the ""document"" an empty file was uploaded. ",A043,C005,Uploading,"Two examples of file upload failure have been identified.   1. Uploading may not be possible if you use a browser outside the recommended environment. Please try uploading again using the recommended environment of kibaco.   2. When the file to be uploaded is open, uploading with a specific version of Microsoft Edge may result in an empty file. You will be able to upload successfully by closing the file and uploading again, changing the browser, updating the Edge, etc."
Contents disappear when uploading files on Edge,A043,C005,Uploading,"Two examples of file upload failure have been identified.   1. Uploading may not be possible if you use a browser outside the recommended environment. Please try uploading again using the recommended environment of kibaco.   2. When the file to be uploaded is open, uploading with a specific version of Microsoft Edge may result in an empty file. You will be able to upload successfully by closing the file and uploading again, changing the browser, updating the Edge, etc."
File disappears with Microsoft Edge,A043,C005,Uploading,"Two examples of file upload failure have been identified.   1. Uploading may not be possible if you use a browser outside the recommended environment. Please try uploading again using the recommended environment of kibaco.   2. When the file to be uploaded is open, uploading with a specific version of Microsoft Edge may result in an empty file. You will be able to upload successfully by closing the file and uploading again, changing the browser, updating the Edge, etc."
"I am using an old MacOS, but it appears that files of small size exceed 150 MB and I cannot upload it.",A043,C005,Uploading,"Two examples of file upload failure have been identified.   1. Uploading may not be possible if you use a browser outside the recommended environment. Please try uploading again using the recommended environment of kibaco.   2. When the file to be uploaded is open, uploading with a specific version of Microsoft Edge may result in an empty file. You will be able to upload successfully by closing the file and uploading again, changing the browser, updating the Edge, etc."
"When I try to upload the document, it is displayed that the capacity is over 150 MB and I cannot upload. The file size does not exceed 150 MB. Operating environment: MacOS 10.6",A043,C005,Uploading,"Two examples of file upload failure have been identified.   1. Uploading may not be possible if you use a browser outside the recommended environment. Please try uploading again using the recommended environment of kibaco.   2. When the file to be uploaded is open, uploading with a specific version of Microsoft Edge may result in an empty file. You will be able to upload successfully by closing the file and uploading again, changing the browser, updating the Edge, etc."
"I uploaded four PDF files using my Mac laptop and safari, but I get an error and I can't find any materials I could upload.",A043,C005,Uploading,"Two examples of file upload failure have been identified.   1. Uploading may not be possible if you use a browser outside the recommended environment. Please try uploading again using the recommended environment of kibaco.   2. When the file to be uploaded is open, uploading with a specific version of Microsoft Edge may result in an empty file. You will be able to upload successfully by closing the file and uploading again, changing the browser, updating the Edge, etc."
Can I upload using a browser other than the recommended environment?,A043,C005,Uploading,"Two examples of file upload failure have been identified.   1. Uploading may not be possible if you use a browser outside the recommended environment. Please try uploading again using the recommended environment of kibaco.   2. When the file to be uploaded is open, uploading with a specific version of Microsoft Edge may result in an empty file. You will be able to upload successfully by closing the file and uploading again, changing the browser, updating the Edge, etc."
"When submitting an assignment, is there a limit to the file size?",A044,C005,Uploading,"You can upload files of up to 150 MB in one uploading. You can also upload files up to a total capacity of 1GB for each course. If you upload an empty file, it will be displayed as '0KB' as if the file was submitted."
"When I try to upload a document, a warning is displayed and I cannot upload it.",A044,C005,Uploading,"You can upload files of up to 150 MB in one uploading. You can also upload files up to a total capacity of 1GB for each course. If you upload an empty file, it will be displayed as '0KB' as if the file was submitted."
Is there an upper limit on the amount of files that can be uploaded?,A044,C005,Uploading,"You can upload files of up to 150 MB in one uploading. You can also upload files up to a total capacity of 1GB for each course. If you upload an empty file, it will be displayed as '0KB' as if the file was submitted."
"If the file submitted by the student is an empty file, is it displayed as a 0 KB file on the student confirmation screen?",A044,C005,Uploading,"You can upload files of up to 150 MB in one uploading. You can also upload files up to a total capacity of 1GB for each course. If you upload an empty file, it will be displayed as '0KB' as if the file was submitted."
"We are planning to create an assignment and have 60 students submit files of about several MB during class, but is there a limit on the size of the submitted files?",A044,C005,Uploading,"You can upload files of up to 150 MB in one uploading. You can also upload files up to a total capacity of 1GB for each course. If you upload an empty file, it will be displayed as '0KB' as if the file was submitted."
How much file space can I upload to the course?,A044,C005,Uploading,"You can upload files of up to 150 MB in one uploading. You can also upload files up to a total capacity of 1GB for each course. If you upload an empty file, it will be displayed as '0KB' as if the file was submitted."
Can I upload video files as materials?,A045,C005,Uploading,"In addition to text files, you can upload to kibaco as long as it is within the capacity limit (for details, see  page 44-46 of the manual for Teacher ). You can also upload SCORM 2004 format packages (see  page 113-115 of the manual for Teacher )."""
"I tried uploading the SCORM teaching material file, which is one of the standards for the e-learning system, but it was displayed as ""manifest.xml file not found"",And uploading failed. ",A045,C005,Uploading,"In addition to text files, you can upload to kibaco as long as it is within the capacity limit (for details, see  page 44-46 of the manual for Teacher ). You can also upload SCORM 2004 format packages (see  page 113-115 of the manual for Teacher )."""
What file types can I upload?,A045,C005,Uploading,"In addition to text files, you can upload to kibaco as long as it is within the capacity limit (for details, see  page 44-46 of the manual for Teacher ). You can also upload SCORM 2004 format packages (see  page 113-115 of the manual for Teacher )."""
Can I also upload image files?,A045,C005,Uploading,"In addition to text files, you can upload to kibaco as long as it is within the capacity limit (for details, see  page 44-46 of the manual for Teacher ). You can also upload SCORM 2004 format packages (see  page 113-115 of the manual for Teacher )."""
I want to know the file format I can upload.,A045,C005,Uploading,"In addition to text files, you can upload to kibaco as long as it is within the capacity limit (for details, see  page 44-46 of the manual for Teacher ). You can also upload SCORM 2004 format packages (see  page 113-115 of the manual for Teacher )."""
Not registered on kibaco.,A046,C006,Registration,"Teachers who are not listed as a person in charge in the timetable, such as a new teacher, may not have created a user ID for the educational research information system or may not be registered in the course of their course. Even if the teacher in charge changes, that change is not automatically reflected in kibaco, so it may not be registered for the course of the subject in charge."
I'm in charge of the class but I'm not registered to the class.,A046,C006,Registration,"Teachers who are not listed as a person in charge in the timetable, such as a new teacher, may not have created a user ID for the educational research information system or may not be registered in the course of their course. Even if the teacher in charge changes, that change is not automatically reflected in kibaco, so it may not be registered for the course of the subject in charge."
I would like to register myself in the class,A046,C006,Registration,"Teachers who are not listed as a person in charge in the timetable, such as a new teacher, may not have created a user ID for the educational research information system or may not be registered in the course of their course. Even if the teacher in charge changes, that change is not automatically reflected in kibaco, so it may not be registered for the course of the subject in charge."
Account not created.,A046,C006,Registration,"Teachers who are not listed as a person in charge in the timetable, such as a new teacher, may not have created a user ID for the educational research information system or may not be registered in the course of their course. Even if the teacher in charge changes, that change is not automatically reflected in kibaco, so it may not be registered for the course of the subject in charge."
Not associated with the class in charge,A046,C006,Registration,"Teachers who are not listed as a person in charge in the timetable, such as a new teacher, may not have created a user ID for the educational research information system or may not be registered in the course of their course. Even if the teacher in charge changes, that change is not automatically reflected in kibaco, so it may not be registered for the course of the subject in charge."
The main teacher was a part-time instructor and was not registered for the course.,A047,C006,Registration,"Please note the following three points when using kibaco.     1. In order to use kibaco, you first need to acquire the ID of 'Information System for Education and Research'. Please apply for the right to use kibaco when you apply for ID acquisition. In addition, teachers who have already acquired an ID may not have acquired the right to use kibaco. In this case, please apply for the right to use kibaco.   2. The teacher in charge of class will be registered to the class course based on the timetable and syllabus. If only the main teacher is listed in the timetable and syllabus, or if the teacher is listed as 'all teachers' (no names of the teachers), not all teachers may be registered in the course. Also, if the part-time teacher is the primary teacher, the full-time teacher will not be automatically registered in the course on the system specifications.   3. Only the year when part-time teacher is changed to full-time teacer may not be registered automatically.     For the cases where teachers are not registered described as 2. and 3, see  here ."""
I would like staff to be registered as teachers in the course.,A047,C006,Registration,"Please note the following three points when using kibaco.     1. In order to use kibaco, you first need to acquire the ID of 'Information System for Education and Research'. Please apply for the right to use kibaco when you apply for ID acquisition. In addition, teachers who have already acquired an ID may not have acquired the right to use kibaco. In this case, please apply for the right to use kibaco.   2. The teacher in charge of class will be registered to the class course based on the timetable and syllabus. If only the main teacher is listed in the timetable and syllabus, or if the teacher is listed as 'all teachers' (no names of the teachers), not all teachers may be registered in the course. Also, if the part-time teacher is the primary teacher, the full-time teacher will not be automatically registered in the course on the system specifications.   3. Only the year when part-time teacher is changed to full-time teacer may not be registered automatically.     For the cases where teachers are not registered described as 2. and 3, see  here ."""
How can a teacher use kibaco?,A047,C006,Registration,"Please note the following three points when using kibaco.     1. In order to use kibaco, you first need to acquire the ID of 'Information System for Education and Research'. Please apply for the right to use kibaco when you apply for ID acquisition. In addition, teachers who have already acquired an ID may not have acquired the right to use kibaco. In this case, please apply for the right to use kibaco.   2. The teacher in charge of class will be registered to the class course based on the timetable and syllabus. If only the main teacher is listed in the timetable and syllabus, or if the teacher is listed as 'all teachers' (no names of the teachers), not all teachers may be registered in the course. Also, if the part-time teacher is the primary teacher, the full-time teacher will not be automatically registered in the course on the system specifications.   3. Only the year when part-time teacher is changed to full-time teacer may not be registered automatically.     For the cases where teachers are not registered described as 2. and 3, see  here ."""
I want to add teachers to my class at kibaco.,A047,C006,Registration,"Please note the following three points when using kibaco.     1. In order to use kibaco, you first need to acquire the ID of 'Information System for Education and Research'. Please apply for the right to use kibaco when you apply for ID acquisition. In addition, teachers who have already acquired an ID may not have acquired the right to use kibaco. In this case, please apply for the right to use kibaco.   2. The teacher in charge of class will be registered to the class course based on the timetable and syllabus. If only the main teacher is listed in the timetable and syllabus, or if the teacher is listed as 'all teachers' (no names of the teachers), not all teachers may be registered in the course. Also, if the part-time teacher is the primary teacher, the full-time teacher will not be automatically registered in the course on the system specifications.   3. Only the year when part-time teacher is changed to full-time teacer may not be registered automatically.     For the cases where teachers are not registered described as 2. and 3, see  here ."""
"I have an information system ID for education and research, but kibaco is not available.",A047,C006,Registration,"Please note the following three points when using kibaco.     1. In order to use kibaco, you first need to acquire the ID of 'Information System for Education and Research'. Please apply for the right to use kibaco when you apply for ID acquisition. In addition, teachers who have already acquired an ID may not have acquired the right to use kibaco. In this case, please apply for the right to use kibaco.   2. The teacher in charge of class will be registered to the class course based on the timetable and syllabus. If only the main teacher is listed in the timetable and syllabus, or if the teacher is listed as 'all teachers' (no names of the teachers), not all teachers may be registered in the course. Also, if the part-time teacher is the primary teacher, the full-time teacher will not be automatically registered in the course on the system specifications.   3. Only the year when part-time teacher is changed to full-time teacer may not be registered automatically.     For the cases where teachers are not registered described as 2. and 3, see  here ."""
"I have an information system ID for education and research, but I cannot log in to kibaco.",A047,C006,Registration,"Please note the following three points when using kibaco.     1. In order to use kibaco, you first need to acquire the ID of 'Information System for Education and Research'. Please apply for the right to use kibaco when you apply for ID acquisition. In addition, teachers who have already acquired an ID may not have acquired the right to use kibaco. In this case, please apply for the right to use kibaco.   2. The teacher in charge of class will be registered to the class course based on the timetable and syllabus. If only the main teacher is listed in the timetable and syllabus, or if the teacher is listed as 'all teachers' (no names of the teachers), not all teachers may be registered in the course. Also, if the part-time teacher is the primary teacher, the full-time teacher will not be automatically registered in the course on the system specifications.   3. Only the year when part-time teacher is changed to full-time teacer may not be registered automatically.     For the cases where teachers are not registered described as 2. and 3, see  here ."""
Is it necessary to apply to use kibaco?,A047,C006,Registration,"Please note the following three points when using kibaco.     1. In order to use kibaco, you first need to acquire the ID of 'Information System for Education and Research'. Please apply for the right to use kibaco when you apply for ID acquisition. In addition, teachers who have already acquired an ID may not have acquired the right to use kibaco. In this case, please apply for the right to use kibaco.   2. The teacher in charge of class will be registered to the class course based on the timetable and syllabus. If only the main teacher is listed in the timetable and syllabus, or if the teacher is listed as 'all teachers' (no names of the teachers), not all teachers may be registered in the course. Also, if the part-time teacher is the primary teacher, the full-time teacher will not be automatically registered in the course on the system specifications.   3. Only the year when part-time teacher is changed to full-time teacer may not be registered automatically.     For the cases where teachers are not registered described as 2. and 3, see  here ."""
Can I apply for the right to use kibaco with the information system ID for education and research?,A047,C006,Registration,"Please note the following three points when using kibaco.     1. In order to use kibaco, you first need to acquire the ID of 'Information System for Education and Research'. Please apply for the right to use kibaco when you apply for ID acquisition. In addition, teachers who have already acquired an ID may not have acquired the right to use kibaco. In this case, please apply for the right to use kibaco.   2. The teacher in charge of class will be registered to the class course based on the timetable and syllabus. If only the main teacher is listed in the timetable and syllabus, or if the teacher is listed as 'all teachers' (no names of the teachers), not all teachers may be registered in the course. Also, if the part-time teacher is the primary teacher, the full-time teacher will not be automatically registered in the course on the system specifications.   3. Only the year when part-time teacher is changed to full-time teacer may not be registered automatically.     For the cases where teachers are not registered described as 2. and 3, see  here ."""
How to apply for a part-time teacher to a course subject.,A048,C006,Registration,"Part-time teachers can also use kibaco. In order to use kibaco, please acquire the user ID of 'Information System for Education and Research' and apply for the right to use kibaco. For part-time teachers, application for course registration is required for each course each year."
"I will be in charge of classes as part-time lecturers from this year, but I would like to use kibaco. How should I proceed?",A048,C006,Registration,"Part-time teachers can also use kibaco. In order to use kibaco, please acquire the user ID of 'Information System for Education and Research' and apply for the right to use kibaco. For part-time teachers, application for course registration is required for each course each year."
"I have had a part-time teacher register for this year's class course, but do I have to apply for the same one in the next fiscal year?",A048,C006,Registration,"Part-time teachers can also use kibaco. In order to use kibaco, please acquire the user ID of 'Information System for Education and Research' and apply for the right to use kibaco. For part-time teachers, application for course registration is required for each course each year."
Can part-time teachers also use kibaco?,A048,C006,Registration,"Part-time teachers can also use kibaco. In order to use kibaco, please acquire the user ID of 'Information System for Education and Research' and apply for the right to use kibaco. For part-time teachers, application for course registration is required for each course each year."
"I am currently work for TMU as a part-time lecturer, but do I have to apply right to use kibaco for the next year?",A048,C006,Registration,"Part-time teachers can also use kibaco. In order to use kibaco, please acquire the user ID of 'Information System for Education and Research' and apply for the right to use kibaco. For part-time teachers, application for course registration is required for each course each year."
"Because my teaching staff has been replaced, I would like you to unregister the predecessor from kibaco.",A049,C006,Registration,"The changes about any class information are not reflected to kibaco as it is based on the information for about one month after starting the new semester. If you are no longer in charge of class, you will need to cancel your registration. To cancel registration, send an application email (subject name, class number, name of teacher to cancel, system ID for education and research of teacher to cancel) to the system management room 2 (replace ● with an at-mark of e-learning-ml ● ml.tmu.ac.jp) It is necessary to send the information system ID for education and research from the main teacher, or send it to the CC."
"The subjects I am not in charge are shown on the schedule, so please delete them.",A049,C006,Registration,"The changes about any class information are not reflected to kibaco as it is based on the information for about one month after starting the new semester. If you are no longer in charge of class, you will need to cancel your registration. To cancel registration, send an application email (subject name, class number, name of teacher to cancel, system ID for education and research of teacher to cancel) to the system management room 2 (replace ● with an at-mark of e-learning-ml ● ml.tmu.ac.jp) It is necessary to send the information system ID for education and research from the main teacher, or send it to the CC."
"I'm no longer in charge of class, so I want to unregister.",A049,C006,Registration,"The changes about any class information are not reflected to kibaco as it is based on the information for about one month after starting the new semester. If you are no longer in charge of class, you will need to cancel your registration. To cancel registration, send an application email (subject name, class number, name of teacher to cancel, system ID for education and research of teacher to cancel) to the system management room 2 (replace ● with an at-mark of e-learning-ml ● ml.tmu.ac.jp) It is necessary to send the information system ID for education and research from the main teacher, or send it to the CC."
I want to know how to proceed because I'm out of my charge.,A049,C006,Registration,"The changes about any class information are not reflected to kibaco as it is based on the information for about one month after starting the new semester. If you are no longer in charge of class, you will need to cancel your registration. To cancel registration, send an application email (subject name, class number, name of teacher to cancel, system ID for education and research of teacher to cancel) to the system management room 2 (replace ● with an at-mark of e-learning-ml ● ml.tmu.ac.jp) It is necessary to send the information system ID for education and research from the main teacher, or send it to the CC."
What information do I need to contact a class manager for deregistration?,A049,C006,Registration,"The changes about any class information are not reflected to kibaco as it is based on the information for about one month after starting the new semester. If you are no longer in charge of class, you will need to cancel your registration. To cancel registration, send an application email (subject name, class number, name of teacher to cancel, system ID for education and research of teacher to cancel) to the system management room 2 (replace ● with an at-mark of e-learning-ml ● ml.tmu.ac.jp) It is necessary to send the information system ID for education and research from the main teacher, or send it to the CC."
Can special course students make use of kibaco?,A050,C006,Registration,"Even if you are not a regular student, you can use kibaco if you have been issued a User ID for 'Information System for Educational Research'. If you are a research student or special course student, and you have not acquired this user ID, please apply first. In addition, the teacher in charge of the class may apply for the class ID and may use the issued ID for the audience and subjects who have taken courses."
Who can use kibaco?,A050,C006,Registration,"Even if you are not a regular student, you can use kibaco if you have been issued a User ID for 'Information System for Educational Research'. If you are a research student or special course student, and you have not acquired this user ID, please apply first. In addition, the teacher in charge of the class may apply for the class ID and may use the issued ID for the audience and subjects who have taken courses."
How should we do if research students want to use kibaco?,A050,C006,Registration,"Even if you are not a regular student, you can use kibaco if you have been issued a User ID for 'Information System for Educational Research'. If you are a research student or special course student, and you have not acquired this user ID, please apply first. In addition, the teacher in charge of the class may apply for the class ID and may use the issued ID for the audience and subjects who have taken courses."
How do I register for a short stay international student?,A050,C006,Registration,"Even if you are not a regular student, you can use kibaco if you have been issued a User ID for 'Information System for Educational Research'. If you are a research student or special course student, and you have not acquired this user ID, please apply first. In addition, the teacher in charge of the class may apply for the class ID and may use the issued ID for the audience and subjects who have taken courses."
Not a regular student but can he/she use kibaco?,A050,C006,Registration,"Even if you are not a regular student, you can use kibaco if you have been issued a User ID for 'Information System for Educational Research'. If you are a research student or special course student, and you have not acquired this user ID, please apply first. In addition, the teacher in charge of the class may apply for the class ID and may use the issued ID for the audience and subjects who have taken courses."
There is no class,A051,C006,Registration,"If you cannot see the course, please check the following points.   1. Make sure that you are enrolled in the course corresponding to the subject. Usually, you are registered for the course once you applied for the registration.   2. There is a case that there is a class tab in '-continued-' at the top of the screen. You can change the order and number of tabs displayed here. For teachers, see the 'Sort the order of the displayed lesson tabs' and 'set the number of displayed lesson tabs' in the 'screen setting function' section of  the manual for Teacher  or  the manual for Student .   3. Check if 'Class not displayed on tab' is set in 'Display Settings'. If it is set"
"One student logged in to kibaco, but the registered course does not appear on the tab.",A051,C006,Registration,"If you cannot see the course, please check the following points.   1. Make sure that you are enrolled in the course corresponding to the subject. Usually, you are registered for the course once you applied for the registration.   2. There is a case that there is a class tab in '-continued-' at the top of the screen. You can change the order and number of tabs displayed here. For teachers, see the 'Sort the order of the displayed lesson tabs' and 'set the number of displayed lesson tabs' in the 'screen setting function' section of  the manual for Teacher  or  the manual for Student .   3. Check if 'Class not displayed on tab' is set in 'Display Settings'. If it is set"
The class tab is not displayed in the account of the student taking it.,A051,C006,Registration,"If you cannot see the course, please check the following points.   1. Make sure that you are enrolled in the course corresponding to the subject. Usually, you are registered for the course once you applied for the registration.   2. There is a case that there is a class tab in '-continued-' at the top of the screen. You can change the order and number of tabs displayed here. For teachers, see the 'Sort the order of the displayed lesson tabs' and 'set the number of displayed lesson tabs' in the 'screen setting function' section of  the manual for Teacher  or  the manual for Student .   3. Check if 'Class not displayed on tab' is set in 'Display Settings'. If it is set"
Students who have registered for the class say that there is no tab for the class.,A051,C006,Registration,"If you cannot see the course, please check the following points.   1. Make sure that you are enrolled in the course corresponding to the subject. Usually, you are registered for the course once you applied for the registration.   2. There is a case that there is a class tab in '-continued-' at the top of the screen. You can change the order and number of tabs displayed here. For teachers, see the 'Sort the order of the displayed lesson tabs' and 'set the number of displayed lesson tabs' in the 'screen setting function' section of  the manual for Teacher  or  the manual for Student .   3. Check if 'Class not displayed on tab' is set in 'Display Settings'. If it is set"
Are there any settings to display class tabs?,A051,C006,Registration,"If you cannot see the course, please check the following points.   1. Make sure that you are enrolled in the course corresponding to the subject. Usually, you are registered for the course once you applied for the registration.   2. There is a case that there is a class tab in '-continued-' at the top of the screen. You can change the order and number of tabs displayed here. For teachers, see the 'Sort the order of the displayed lesson tabs' and 'set the number of displayed lesson tabs' in the 'screen setting function' section of  the manual for Teacher  or  the manual for Student .   3. Check if 'Class not displayed on tab' is set in 'Display Settings'. If it is set"
Student informed me that the class tab could not be found.,A051,C006,Registration,"If you cannot see the course, please check the following points.   1. Make sure that you are enrolled in the course corresponding to the subject. Usually, you are registered for the course once you applied for the registration.   2. There is a case that there is a class tab in '-continued-' at the top of the screen. You can change the order and number of tabs displayed here. For teachers, see the 'Sort the order of the displayed lesson tabs' and 'set the number of displayed lesson tabs' in the 'screen setting function' section of  the manual for Teacher  or  the manual for Student .   3. Check if 'Class not displayed on tab' is set in 'Display Settings'. If it is set"
The subject has not been registered in kibaco and it will not be displayed on timetable.,A051,C006,Registration,"If you cannot see the course, please check the following points.   1. Make sure that you are enrolled in the course corresponding to the subject. Usually, you are registered for the course once you applied for the registration.   2. There is a case that there is a class tab in '-continued-' at the top of the screen. You can change the order and number of tabs displayed here. For teachers, see the 'Sort the order of the displayed lesson tabs' and 'set the number of displayed lesson tabs' in the 'screen setting function' section of  the manual for Teacher  or  the manual for Student .   3. Check if 'Class not displayed on tab' is set in 'Display Settings'. If it is set"
I logged in to kibaco but the subjects are not displayed.,A051,C006,Registration,"If you cannot see the course, please check the following points.   1. Make sure that you are enrolled in the course corresponding to the subject. Usually, you are registered for the course once you applied for the registration.   2. There is a case that there is a class tab in '-continued-' at the top of the screen. You can change the order and number of tabs displayed here. For teachers, see the 'Sort the order of the displayed lesson tabs' and 'set the number of displayed lesson tabs' in the 'screen setting function' section of  the manual for Teacher  or  the manual for Student .   3. Check if 'Class not displayed on tab' is set in 'Display Settings'. If it is set"
Classes I have registered are not displayed on kibaco.,A051,C006,Registration,"If you cannot see the course, please check the following points.   1. Make sure that you are enrolled in the course corresponding to the subject. Usually, you are registered for the course once you applied for the registration.   2. There is a case that there is a class tab in '-continued-' at the top of the screen. You can change the order and number of tabs displayed here. For teachers, see the 'Sort the order of the displayed lesson tabs' and 'set the number of displayed lesson tabs' in the 'screen setting function' section of  the manual for Teacher  or  the manual for Student .   3. Check if 'Class not displayed on tab' is set in 'Display Settings'. If it is set"
I cannot see the classes I have taken on kibaco.,A051,C006,Registration,"If you cannot see the course, please check the following points.   1. Make sure that you are enrolled in the course corresponding to the subject. Usually, you are registered for the course once you applied for the registration.   2. There is a case that there is a class tab in '-continued-' at the top of the screen. You can change the order and number of tabs displayed here. For teachers, see the 'Sort the order of the displayed lesson tabs' and 'set the number of displayed lesson tabs' in the 'screen setting function' section of  the manual for Teacher  or  the manual for Student .   3. Check if 'Class not displayed on tab' is set in 'Display Settings'. If it is set"
"The teacher told me to look at the kibaco course materials, but there is no course when I log in to kibaco.",A051,C006,Registration,"If you cannot see the course, please check the following points.   1. Make sure that you are enrolled in the course corresponding to the subject. Usually, you are registered for the course once you applied for the registration.   2. There is a case that there is a class tab in '-continued-' at the top of the screen. You can change the order and number of tabs displayed here. For teachers, see the 'Sort the order of the displayed lesson tabs' and 'set the number of displayed lesson tabs' in the 'screen setting function' section of  the manual for Teacher  or  the manual for Student .   3. Check if 'Class not displayed on tab' is set in 'Display Settings'. If it is set"
"The registered student has been tentatively registered, is there any difference from this registration?",A052,C006,Registration,"For students who have applied for the course, the course status of the 'Class Information' function will be displayed as 'Full Registration'. On the other hand, if the teacher manually registers the student or if the student is registered for the course by self-registration, 'provisional registration' is displayed. You can use the kibaco course even for provisionally registration, but you cannot earn credits if you do not apply separately.   In the following cases, students will remain tentatively registered.   1. Non-regular students such as course students and research students. If it is necessary to change the display to this registration, from the teacher in charge of office work or classes such as the education affairs division or the international affairs division system management room 2 (replace ● with an at-mark of e-learning-ml ● ml.tmu.tc.jp).   2. If you create a course on kibaco that is not registered in the clerical information system.     When registering a student as a 'TA/Tutor', give 'TA/Tutor' authority when registering a student in 'Register Students or TA' of 'Class Information' function. Details are  pages 31 ~ 33 of the manual for Teacher . The materials need to be prepared by the teacher."""
A research student has not been registered for the course.,A052,C006,Registration,"For students who have applied for the course, the course status of the 'Class Information' function will be displayed as 'Full Registration'. On the other hand, if the teacher manually registers the student or if the student is registered for the course by self-registration, 'provisional registration' is displayed. You can use the kibaco course even for provisionally registration, but you cannot earn credits if you do not apply separately.   In the following cases, students will remain tentatively registered.   1. Non-regular students such as course students and research students. If it is necessary to change the display to this registration, from the teacher in charge of office work or classes such as the education affairs division or the international affairs division system management room 2 (replace ● with an at-mark of e-learning-ml ● ml.tmu.tc.jp).   2. If you create a course on kibaco that is not registered in the clerical information system.     When registering a student as a 'TA/Tutor', give 'TA/Tutor' authority when registering a student in 'Register Students or TA' of 'Class Information' function. Details are  pages 31 ~ 33 of the manual for Teacher . The materials need to be prepared by the teacher."""
Several students are not connected to class.,A052,C006,Registration,"For students who have applied for the course, the course status of the 'Class Information' function will be displayed as 'Full Registration'. On the other hand, if the teacher manually registers the student or if the student is registered for the course by self-registration, 'provisional registration' is displayed. You can use the kibaco course even for provisionally registration, but you cannot earn credits if you do not apply separately.   In the following cases, students will remain tentatively registered.   1. Non-regular students such as course students and research students. If it is necessary to change the display to this registration, from the teacher in charge of office work or classes such as the education affairs division or the international affairs division system management room 2 (replace ● with an at-mark of e-learning-ml ● ml.tmu.tc.jp).   2. If you create a course on kibaco that is not registered in the clerical information system.     When registering a student as a 'TA/Tutor', give 'TA/Tutor' authority when registering a student in 'Register Students or TA' of 'Class Information' function. Details are  pages 31 ~ 33 of the manual for Teacher . The materials need to be prepared by the teacher."""
Do graduate students need to apply for additional rights to use kibaco?,A052,C006,Registration,"For students who have applied for the course, the course status of the 'Class Information' function will be displayed as 'Full Registration'. On the other hand, if the teacher manually registers the student or if the student is registered for the course by self-registration, 'provisional registration' is displayed. You can use the kibaco course even for provisionally registration, but you cannot earn credits if you do not apply separately.   In the following cases, students will remain tentatively registered.   1. Non-regular students such as course students and research students. If it is necessary to change the display to this registration, from the teacher in charge of office work or classes such as the education affairs division or the international affairs division system management room 2 (replace ● with an at-mark of e-learning-ml ● ml.tmu.tc.jp).   2. If you create a course on kibaco that is not registered in the clerical information system.     When registering a student as a 'TA/Tutor', give 'TA/Tutor' authority when registering a student in 'Register Students or TA' of 'Class Information' function. Details are  pages 31 ~ 33 of the manual for Teacher . The materials need to be prepared by the teacher."""
I would like to add students to the class at kibaco.,A052,C006,Registration,"For students who have applied for the course, the course status of the 'Class Information' function will be displayed as 'Full Registration'. On the other hand, if the teacher manually registers the student or if the student is registered for the course by self-registration, 'provisional registration' is displayed. You can use the kibaco course even for provisionally registration, but you cannot earn credits if you do not apply separately.   In the following cases, students will remain tentatively registered.   1. Non-regular students such as course students and research students. If it is necessary to change the display to this registration, from the teacher in charge of office work or classes such as the education affairs division or the international affairs division system management room 2 (replace ● with an at-mark of e-learning-ml ● ml.tmu.tc.jp).   2. If you create a course on kibaco that is not registered in the clerical information system.     When registering a student as a 'TA/Tutor', give 'TA/Tutor' authority when registering a student in 'Register Students or TA' of 'Class Information' function. Details are  pages 31 ~ 33 of the manual for Teacher . The materials need to be prepared by the teacher."""
A user whose user information has not been set is registered.,A052,C006,Registration,"For students who have applied for the course, the course status of the 'Class Information' function will be displayed as 'Full Registration'. On the other hand, if the teacher manually registers the student or if the student is registered for the course by self-registration, 'provisional registration' is displayed. You can use the kibaco course even for provisionally registration, but you cannot earn credits if you do not apply separately.   In the following cases, students will remain tentatively registered.   1. Non-regular students such as course students and research students. If it is necessary to change the display to this registration, from the teacher in charge of office work or classes such as the education affairs division or the international affairs division system management room 2 (replace ● with an at-mark of e-learning-ml ● ml.tmu.tc.jp).   2. If you create a course on kibaco that is not registered in the clerical information system.     When registering a student as a 'TA/Tutor', give 'TA/Tutor' authority when registering a student in 'Register Students or TA' of 'Class Information' function. Details are  pages 31 ~ 33 of the manual for Teacher . The materials need to be prepared by the teacher."""
Materials are not uploaded because TA is not registered for the course.,A052,C006,Registration,"For students who have applied for the course, the course status of the 'Class Information' function will be displayed as 'Full Registration'. On the other hand, if the teacher manually registers the student or if the student is registered for the course by self-registration, 'provisional registration' is displayed. You can use the kibaco course even for provisionally registration, but you cannot earn credits if you do not apply separately.   In the following cases, students will remain tentatively registered.   1. Non-regular students such as course students and research students. If it is necessary to change the display to this registration, from the teacher in charge of office work or classes such as the education affairs division or the international affairs division system management room 2 (replace ● with an at-mark of e-learning-ml ● ml.tmu.tc.jp).   2. If you create a course on kibaco that is not registered in the clerical information system.     When registering a student as a 'TA/Tutor', give 'TA/Tutor' authority when registering a student in 'Register Students or TA' of 'Class Information' function. Details are  pages 31 ~ 33 of the manual for Teacher . The materials need to be prepared by the teacher."""
When will the results of the class registering application be reflected in kibaco?,A053,C006,Registration,"The results of applying for the course will be reflected in kibaco at 5-6 o'clock in the morning. If you apply for the course on the day of the class, it will be reflected the next morning.   In addition, there are subjects that are not displayed in the kibaco timetable, so check the results of the course application with CAMPUS SQUARE instead of kibaco."
Students who registered for the course are not registered for the kibaco course.,A053,C006,Registration,"The results of applying for the course will be reflected in kibaco at 5-6 o'clock in the morning. If you apply for the course on the day of the class, it will be reflected the next morning.   In addition, there are subjects that are not displayed in the kibaco timetable, so check the results of the course application with CAMPUS SQUARE instead of kibaco."
No students have been registered for the subject in charge. When will the students who are taking classes be registered?,A053,C006,Registration,"The results of applying for the course will be reflected in kibaco at 5-6 o'clock in the morning. If you apply for the course on the day of the class, it will be reflected the next morning.   In addition, there are subjects that are not displayed in the kibaco timetable, so check the results of the course application with CAMPUS SQUARE instead of kibaco."
When will students be enrolled in kibaco?,A053,C006,Registration,"The results of applying for the course will be reflected in kibaco at 5-6 o'clock in the morning. If you apply for the course on the day of the class, it will be reflected the next morning.   In addition, there are subjects that are not displayed in the kibaco timetable, so check the results of the course application with CAMPUS SQUARE instead of kibaco."
When can I confirm if I have registered for a course?,A053,C006,Registration,"The results of applying for the course will be reflected in kibaco at 5-6 o'clock in the morning. If you apply for the course on the day of the class, it will be reflected the next morning.   In addition, there are subjects that are not displayed in the kibaco timetable, so check the results of the course application with CAMPUS SQUARE instead of kibaco."
Are students who have been provisionally enrolled in the kibaco course will not be erased as provisionally registered even after the course application period is over?,A054,C006,Registration,"If a provisionally registered student applies for a course, it will be changed to full registration the next day. If a provisionally registered student does not apply for the course, it will remain provisionally registered even after the course application period. Class teachers can unregister students from the course for provisionally registration. However, in the following cases, students are still provisionally registered even if they have applied for the course.   1. Non-regular students such as course students and research students. If it is necessary to change the display to this registration, the teacher in charge of the class or office workers of the education affairs division or the international affairs division contacts system management room 2 (replace ● with an at-mark of e-learning-ml ● ml.tmu.ac.jp).   2. If you create a course on kibaco that is not registered in the clerical information system.   Students who are officially registered will be canceled from the course only if the students withdraw from the course application."
I cannot cancel classes I do not register on kibaco.,A054,C006,Registration,"If a provisionally registered student applies for a course, it will be changed to full registration the next day. If a provisionally registered student does not apply for the course, it will remain provisionally registered even after the course application period. Class teachers can unregister students from the course for provisionally registration. However, in the following cases, students are still provisionally registered even if they have applied for the course.   1. Non-regular students such as course students and research students. If it is necessary to change the display to this registration, the teacher in charge of the class or office workers of the education affairs division or the international affairs division contacts system management room 2 (replace ● with an at-mark of e-learning-ml ● ml.tmu.ac.jp).   2. If you create a course on kibaco that is not registered in the clerical information system.   Students who are officially registered will be canceled from the course only if the students withdraw from the course application."
Can the teacher delete a student who has been temporarily registered?,A054,C006,Registration,"If a provisionally registered student applies for a course, it will be changed to full registration the next day. If a provisionally registered student does not apply for the course, it will remain provisionally registered even after the course application period. Class teachers can unregister students from the course for provisionally registration. However, in the following cases, students are still provisionally registered even if they have applied for the course.   1. Non-regular students such as course students and research students. If it is necessary to change the display to this registration, the teacher in charge of the class or office workers of the education affairs division or the international affairs division contacts system management room 2 (replace ● with an at-mark of e-learning-ml ● ml.tmu.ac.jp).   2. If you create a course on kibaco that is not registered in the clerical information system.   Students who are officially registered will be canceled from the course only if the students withdraw from the course application."
I am tentatively registered student but I want to withdraw.,A054,C006,Registration,"If a provisionally registered student applies for a course, it will be changed to full registration the next day. If a provisionally registered student does not apply for the course, it will remain provisionally registered even after the course application period. Class teachers can unregister students from the course for provisionally registration. However, in the following cases, students are still provisionally registered even if they have applied for the course.   1. Non-regular students such as course students and research students. If it is necessary to change the display to this registration, the teacher in charge of the class or office workers of the education affairs division or the international affairs division contacts system management room 2 (replace ● with an at-mark of e-learning-ml ● ml.tmu.ac.jp).   2. If you create a course on kibaco that is not registered in the clerical information system.   Students who are officially registered will be canceled from the course only if the students withdraw from the course application."
I would like to cancel the course without registering it,A054,C006,Registration,"If a provisionally registered student applies for a course, it will be changed to full registration the next day. If a provisionally registered student does not apply for the course, it will remain provisionally registered even after the course application period. Class teachers can unregister students from the course for provisionally registration. However, in the following cases, students are still provisionally registered even if they have applied for the course.   1. Non-regular students such as course students and research students. If it is necessary to change the display to this registration, the teacher in charge of the class or office workers of the education affairs division or the international affairs division contacts system management room 2 (replace ● with an at-mark of e-learning-ml ● ml.tmu.ac.jp).   2. If you create a course on kibaco that is not registered in the clerical information system.   Students who are officially registered will be canceled from the course only if the students withdraw from the course application."
The student tried to self-register for the subject but could not self-register for some subjects.,A055,C006,Registration,"By enrolling students in courses that correspond to the subjects, students can gain access to the courses even before applying for courses. One of the registration methods is to allow students to self-registration and make them do it for the course. The teacher in charge of each class can set whether or not to self-register for the course. Even if the student wants to self-register, he/she cannot do self-registration unless the teacher in charge of the class sets it. In addition, first-year undergraduate students cannot use kibaco until they take an information ethics class in the first class of the Information Literacy Practice I/IA. For details, see  page 34 of the manual for Teacher ."""
Can't find course from self-registration screen,A055,C006,Registration,"By enrolling students in courses that correspond to the subjects, students can gain access to the courses even before applying for courses. One of the registration methods is to allow students to self-registration and make them do it for the course. The teacher in charge of each class can set whether or not to self-register for the course. Even if the student wants to self-register, he/she cannot do self-registration unless the teacher in charge of the class sets it. In addition, first-year undergraduate students cannot use kibaco until they take an information ethics class in the first class of the Information Literacy Practice I/IA. For details, see  page 34 of the manual for Teacher ."""
I cannot register myself,A055,C006,Registration,"By enrolling students in courses that correspond to the subjects, students can gain access to the courses even before applying for courses. One of the registration methods is to allow students to self-registration and make them do it for the course. The teacher in charge of each class can set whether or not to self-register for the course. Even if the student wants to self-register, he/she cannot do self-registration unless the teacher in charge of the class sets it. In addition, first-year undergraduate students cannot use kibaco until they take an information ethics class in the first class of the Information Literacy Practice I/IA. For details, see  page 34 of the manual for Teacher ."""
A research student cannot self-register in a subject.,A055,C006,Registration,"By enrolling students in courses that correspond to the subjects, students can gain access to the courses even before applying for courses. One of the registration methods is to allow students to self-registration and make them do it for the course. The teacher in charge of each class can set whether or not to self-register for the course. Even if the student wants to self-register, he/she cannot do self-registration unless the teacher in charge of the class sets it. In addition, first-year undergraduate students cannot use kibaco until they take an information ethics class in the first class of the Information Literacy Practice I/IA. For details, see  page 34 of the manual for Teacher ."""
I want students to have access to kibaco subjects before completing the course registration.,A055,C006,Registration,"By enrolling students in courses that correspond to the subjects, students can gain access to the courses even before applying for courses. One of the registration methods is to allow students to self-registration and make them do it for the course. The teacher in charge of each class can set whether or not to self-register for the course. Even if the student wants to self-register, he/she cannot do self-registration unless the teacher in charge of the class sets it. In addition, first-year undergraduate students cannot use kibaco until they take an information ethics class in the first class of the Information Literacy Practice I/IA. For details, see  page 34 of the manual for Teacher ."""
I would like to cancel the registration from the subject I self-registered.,A056,C006,Registration,"If you apply for a course that you have self-registered, withdrawal from the course application will cancel your registration from the course. In addition, if you do not apply for courses you have registered for self-registration, you can cancel your self-registration by yourself. However, if the teacher in charge of the class consolidates the courses and the self-registered course is a secondary course, the course application will not be canceled even if the course application is withdrawn. If you need to cancel the registration, please contact the system administration room 2 (replace ● with an at-mark of e-learning-ml ● ml.tmu.ac.jp)."
Students who were allowed to self-register but who did not register for the course are still provisionally registered. Are there any problems with deleting students?,A056,C006,Registration,"If you apply for a course that you have self-registered, withdrawal from the course application will cancel your registration from the course. In addition, if you do not apply for courses you have registered for self-registration, you can cancel your self-registration by yourself. However, if the teacher in charge of the class consolidates the courses and the self-registered course is a secondary course, the course application will not be canceled even if the course application is withdrawn. If you need to cancel the registration, please contact the system administration room 2 (replace ● with an at-mark of e-learning-ml ● ml.tmu.ac.jp)."
"I registered for a certain class with kibaco and then registered for the class at Campus Square. Despite having canceled registration for the class at a later date, the binding on kibaco has not been released. It can not be canceled. ",A056,C006,Registration,"If you apply for a course that you have self-registered, withdrawal from the course application will cancel your registration from the course. In addition, if you do not apply for courses you have registered for self-registration, you can cancel your self-registration by yourself. However, if the teacher in charge of the class consolidates the courses and the self-registered course is a secondary course, the course application will not be canceled even if the course application is withdrawn. If you need to cancel the registration, please contact the system administration room 2 (replace ● with an at-mark of e-learning-ml ● ml.tmu.ac.jp)."
"I would like to cancel my registration, so I want to cancel my registration.",A056,C006,Registration,"If you apply for a course that you have self-registered, withdrawal from the course application will cancel your registration from the course. In addition, if you do not apply for courses you have registered for self-registration, you can cancel your self-registration by yourself. However, if the teacher in charge of the class consolidates the courses and the self-registered course is a secondary course, the course application will not be canceled even if the course application is withdrawn. If you need to cancel the registration, please contact the system administration room 2 (replace ● with an at-mark of e-learning-ml ● ml.tmu.ac.jp)."
I would like to know how to cancel the registration of secondary courses,A056,C006,Registration,"If you apply for a course that you have self-registered, withdrawal from the course application will cancel your registration from the course. In addition, if you do not apply for courses you have registered for self-registration, you can cancel your self-registration by yourself. However, if the teacher in charge of the class consolidates the courses and the self-registered course is a secondary course, the course application will not be canceled even if the course application is withdrawn. If you need to cancel the registration, please contact the system administration room 2 (replace ● with an at-mark of e-learning-ml ● ml.tmu.ac.jp)."
Are there any ways for teachers in charge of course consolidation?,A057,C007,Aggregation,"In kibaco, a course (class tab) is created for each class number. Even if the courses are offered on the same day of the week, time limit, or classroom, the course is divided into multiple courses in the case that different course numbers are assigned depending on the year of entry or affiliation (undergraduate or graduate school). If you are teaching a course that is divided into multiple courses as essentially the same course, you can organize those courses by applying. This process of summarizing is called subject concentration. By consolidating the courses, you will be able to manage lesson materials, manage student scoring results, etc. with one designated main course. The processing applied to the main subject course is not reflected in the secondary subject course.     The teacher who wants to consolidate subjects see  here ."""
Please tell me how to apply for intensive subjects,A057,C007,Aggregation,"In kibaco, a course (class tab) is created for each class number. Even if the courses are offered on the same day of the week, time limit, or classroom, the course is divided into multiple courses in the case that different course numbers are assigned depending on the year of entry or affiliation (undergraduate or graduate school). If you are teaching a course that is divided into multiple courses as essentially the same course, you can organize those courses by applying. This process of summarizing is called subject concentration. By consolidating the courses, you will be able to manage lesson materials, manage student scoring results, etc. with one designated main course. The processing applied to the main subject course is not reflected in the secondary subject course.     The teacher who wants to consolidate subjects see  here ."""
I would like to put together classes at the same time with kibaco (I want to consolidate the subjects),A057,C007,Aggregation,"In kibaco, a course (class tab) is created for each class number. Even if the courses are offered on the same day of the week, time limit, or classroom, the course is divided into multiple courses in the case that different course numbers are assigned depending on the year of entry or affiliation (undergraduate or graduate school). If you are teaching a course that is divided into multiple courses as essentially the same course, you can organize those courses by applying. This process of summarizing is called subject concentration. By consolidating the courses, you will be able to manage lesson materials, manage student scoring results, etc. with one designated main course. The processing applied to the main subject course is not reflected in the secondary subject course.     The teacher who wants to consolidate subjects see  here ."""
"After subject consolidation, will the test created in the main subject be copied to the secondary subject?",A057,C007,Aggregation,"In kibaco, a course (class tab) is created for each class number. Even if the courses are offered on the same day of the week, time limit, or classroom, the course is divided into multiple courses in the case that different course numbers are assigned depending on the year of entry or affiliation (undergraduate or graduate school). If you are teaching a course that is divided into multiple courses as essentially the same course, you can organize those courses by applying. This process of summarizing is called subject concentration. By consolidating the courses, you will be able to manage lesson materials, manage student scoring results, etc. with one designated main course. The processing applied to the main subject course is not reflected in the secondary subject course.     The teacher who wants to consolidate subjects see  here ."""
I want to combine multiple tabs into one.,A057,C007,Aggregation,"In kibaco, a course (class tab) is created for each class number. Even if the courses are offered on the same day of the week, time limit, or classroom, the course is divided into multiple courses in the case that different course numbers are assigned depending on the year of entry or affiliation (undergraduate or graduate school). If you are teaching a course that is divided into multiple courses as essentially the same course, you can organize those courses by applying. This process of summarizing is called subject concentration. By consolidating the courses, you will be able to manage lesson materials, manage student scoring results, etc. with one designated main course. The processing applied to the main subject course is not reflected in the secondary subject course.     The teacher who wants to consolidate subjects see  here ."""
I would like to cancel the consolidation of subjects.,A058,C007,Aggregation,"If you consolidate the subjects, you cannot cancel them."
Please restore aggregated lessons,A058,C007,Aggregation,"If you consolidate the subjects, you cannot cancel them."
Please remove private classes,A058,C007,Aggregation,"If you consolidate the subjects, you cannot cancel them."
Please cancel the subject consolidation,A058,C007,Aggregation,"If you consolidate the subjects, you cannot cancel them."
Please cancel intensive courses,A058,C007,Aggregation,"If you consolidate the subjects, you cannot cancel them."
"If I consolidate my subjects, it becomes private.",A059,C007,Aggregation,"When the subjects are consolidated, 'Subsidiary Classes' will be displayed in the courses of the secondary subjects other than the subjects specified as the main subject. In addition, only the teacher can access the course of the secondary subject, and the student cannot access it. Moreover, the teacher in charge of classes can also hide the tab of the secondary subject course."
"The subject in charge is ""private class"". ",A059,C007,Aggregation,"When the subjects are consolidated, 'Subsidiary Classes' will be displayed in the courses of the secondary subjects other than the subjects specified as the main subject. In addition, only the teacher can access the course of the secondary subject, and the student cannot access it. Moreover, the teacher in charge of classes can also hide the tab of the secondary subject course."
"There is a thing called ""private class"" in the same class name. ",A059,C007,Aggregation,"When the subjects are consolidated, 'Subsidiary Classes' will be displayed in the courses of the secondary subjects other than the subjects specified as the main subject. In addition, only the teacher can access the course of the secondary subject, and the student cannot access it. Moreover, the teacher in charge of classes can also hide the tab of the secondary subject course."
The aggregated lessons are still displayed.,A059,C007,Aggregation,"When the subjects are consolidated, 'Subsidiary Classes' will be displayed in the courses of the secondary subjects other than the subjects specified as the main subject. In addition, only the teacher can access the course of the secondary subject, and the student cannot access it. Moreover, the teacher in charge of classes can also hide the tab of the secondary subject course."
I do not know if it is a secondary subject,A059,C007,Aggregation,"When the subjects are consolidated, 'Subsidiary Classes' will be displayed in the courses of the secondary subjects other than the subjects specified as the main subject. In addition, only the teacher can access the course of the secondary subject, and the student cannot access it. Moreover, the teacher in charge of classes can also hide the tab of the secondary subject course."
"If I look at the schedule, there are two classes on the same day and time,",A060,C007,Aggregation,"At kibaco, a course will be created for each class number. Even if the courses are offered on the same day of the week, time limit, or class, the course is divided into multiple courses in the case that different class numbers are assigned depending on the year of admission or affiliation (undergraduate or graduate school). It is possible to combine the subjects into one."
The same course is displayed twice in the kibaco timetable.,A060,C007,Aggregation,"At kibaco, a course will be created for each class number. Even if the courses are offered on the same day of the week, time limit, or class, the course is divided into multiple courses in the case that different class numbers are assigned depending on the year of admission or affiliation (undergraduate or graduate school). It is possible to combine the subjects into one."
"When I registered as a teacher for a class course, there were two classes on the same day and the same time period.",A060,C007,Aggregation,"At kibaco, a course will be created for each class number. Even if the courses are offered on the same day of the week, time limit, or class, the course is divided into multiple courses in the case that different class numbers are assigned depending on the year of admission or affiliation (undergraduate or graduate school). It is possible to combine the subjects into one."
Multiple classes are displayed on the exact same date and time.,A060,C007,Aggregation,"At kibaco, a course will be created for each class number. Even if the courses are offered on the same day of the week, time limit, or class, the course is divided into multiple courses in the case that different class numbers are assigned depending on the year of admission or affiliation (undergraduate or graduate school). It is possible to combine the subjects into one."
"There are multiple classes displayed on the same day of the week, what should I do?",A060,C007,Aggregation,"At kibaco, a course will be created for each class number. Even if the courses are offered on the same day of the week, time limit, or class, the course is divided into multiple courses in the case that different class numbers are assigned depending on the year of admission or affiliation (undergraduate or graduate school). It is possible to combine the subjects into one."
"If students use the self-registration function in a course with intensive courses, is it necessary to enable the self-registration function in addition to the main subject?",A061,C007,Aggregation,"When subjects are consolidated, students who have been registered as minor subjects will also be automatically enrolled as main subjects. After the subjects are consolidated, they will access the main subjects only. In addition, since the secondary subjects will be hidden from the students after concentration, the students will not accidentally register or access the secondary subjects."
Are students not accidentally referring to secondary subjects?,A061,C007,Aggregation,"When subjects are consolidated, students who have been registered as minor subjects will also be automatically enrolled as main subjects. After the subjects are consolidated, they will access the main subjects only. In addition, since the secondary subjects will be hidden from the students after concentration, the students will not accidentally register or access the secondary subjects."
"When enrolling in a self-registered course for a consolidated course, is it possible for students to accidentally register for or access a secondary course?",A061,C007,Aggregation,"When subjects are consolidated, students who have been registered as minor subjects will also be automatically enrolled as main subjects. After the subjects are consolidated, they will access the main subjects only. In addition, since the secondary subjects will be hidden from the students after concentration, the students will not accidentally register or access the secondary subjects."
What happens if the students are self-registering in the secondary subjects when the subjects are aggregated?,A061,C007,Aggregation,"When subjects are consolidated, students who have been registered as minor subjects will also be automatically enrolled as main subjects. After the subjects are consolidated, they will access the main subjects only. In addition, since the secondary subjects will be hidden from the students after concentration, the students will not accidentally register or access the secondary subjects."
Can students see the contents of the secondary subjects?,A061,C007,Aggregation,"When subjects are consolidated, students who have been registered as minor subjects will also be automatically enrolled as main subjects. After the subjects are consolidated, they will access the main subjects only. In addition, since the secondary subjects will be hidden from the students after concentration, the students will not accidentally register or access the secondary subjects."
I do not know the ID and password.,A062,C008,Login,"First, if you cannot use kibaco because your password has expired, you can set a new password on TMUNER within two weeks after the suspension. From 'User Menu Login' on  TMUNER "
"I forgot my kibaco login password, so I want to reissue my password.",A062,C008,Login,"First, if you cannot use kibaco because your password has expired, you can set a new password on TMUNER within two weeks after the suspension. From 'User Menu Login' on  TMUNER "
"I am a student of Arakawa Campus, but I want to use kibako though I forgot my user ID and password.",A062,C008,Login,"First, if you cannot use kibaco because your password has expired, you can set a new password on TMUNER within two weeks after the suspension. From 'User Menu Login' on  TMUNER "
I want to reset my login password,A062,C008,Login,"First, if you cannot use kibaco because your password has expired, you can set a new password on TMUNER within two weeks after the suspension. From 'User Menu Login' on  TMUNER "
"I am a student at Hino Campus, but I want to use kibako though I forgot my user ID and password.",A062,C008,Login,"First, if you cannot use kibaco because your password has expired, you can set a new password on TMUNER within two weeks after the suspension. From 'User Menu Login' on  TMUNER "
I cannot use kibaco,A062,C008,Login,"First, if you cannot use kibaco because your password has expired, you can set a new password on TMUNER within two weeks after the suspension. From 'User Menu Login' on  TMUNER "
I want to check student attendance by using kibaco during class.,A063,C008,Login,There is no attendance management function in kibaco. You can make a pseudo attendance check by creating a topic on the bulletin board or creating an assignment for attendance management.
I want to get attendance information automatically,A063,C008,Login,There is no attendance management function in kibaco. You can make a pseudo attendance check by creating a topic on the bulletin board or creating an assignment for attendance management.
Does kibaco not have the ability to record student attendance?,A063,C008,Login,There is no attendance management function in kibaco. You can make a pseudo attendance check by creating a topic on the bulletin board or creating an assignment for attendance management.
I want to automatically manage student attendance.,A063,C008,Login,There is no attendance management function in kibaco. You can make a pseudo attendance check by creating a topic on the bulletin board or creating an assignment for attendance management.
I want the system to do attendance management,A063,C008,Login,There is no attendance management function in kibaco. You can make a pseudo attendance check by creating a topic on the bulletin board or creating an assignment for attendance management.
Please let me know how to contact students in kibaco.,A064,C009,Contact,"There are five ways to communicate information to all students: 'notice', 'bulletin board', 'message', 'class information', and 'wiki.' For the first two functions, a disclosure period can be set to convey information such as cancellation information. In addition, teachers, TAs and students (including provisionally registrations) can be notified by contacting all participants. If you set the option to notify as e-mail, you can notify as e-mail. Information on how to receive classes can use 'class information' and 'wiki'. There are three functions that the students can use to communicate information to the whole class: 'bulletin board', 'message' and 'wiki.' Details of the instruction manual for the bulletin board are  pages 85-89 of the manual for Teacher "
I would like to contact students,A064,C009,Contact,"There are five ways to communicate information to all students: 'notice', 'bulletin board', 'message', 'class information', and 'wiki.' For the first two functions, a disclosure period can be set to convey information such as cancellation information. In addition, teachers, TAs and students (including provisionally registrations) can be notified by contacting all participants. If you set the option to notify as e-mail, you can notify as e-mail. Information on how to receive classes can use 'class information' and 'wiki'. There are three functions that the students can use to communicate information to the whole class: 'bulletin board', 'message' and 'wiki.' Details of the instruction manual for the bulletin board are  pages 85-89 of the manual for Teacher "
What kind of method is good to convey cancellation information to students?,A064,C009,Contact,"There are five ways to communicate information to all students: 'notice', 'bulletin board', 'message', 'class information', and 'wiki.' For the first two functions, a disclosure period can be set to convey information such as cancellation information. In addition, teachers, TAs and students (including provisionally registrations) can be notified by contacting all participants. If you set the option to notify as e-mail, you can notify as e-mail. Information on how to receive classes can use 'class information' and 'wiki'. There are three functions that the students can use to communicate information to the whole class: 'bulletin board', 'message' and 'wiki.' Details of the instruction manual for the bulletin board are  pages 85-89 of the manual for Teacher "
Are there any ways to contact all students?,A064,C009,Contact,"There are five ways to communicate information to all students: 'notice', 'bulletin board', 'message', 'class information', and 'wiki.' For the first two functions, a disclosure period can be set to convey information such as cancellation information. In addition, teachers, TAs and students (including provisionally registrations) can be notified by contacting all participants. If you set the option to notify as e-mail, you can notify as e-mail. Information on how to receive classes can use 'class information' and 'wiki'. There are three functions that the students can use to communicate information to the whole class: 'bulletin board', 'message' and 'wiki.' Details of the instruction manual for the bulletin board are  pages 85-89 of the manual for Teacher "
Can I email the students when I create an announcement?,A064,C009,Contact,"There are five ways to communicate information to all students: 'notice', 'bulletin board', 'message', 'class information', and 'wiki.' For the first two functions, a disclosure period can be set to convey information such as cancellation information. In addition, teachers, TAs and students (including provisionally registrations) can be notified by contacting all participants. If you set the option to notify as e-mail, you can notify as e-mail. Information on how to receive classes can use 'class information' and 'wiki'. There are three functions that the students can use to communicate information to the whole class: 'bulletin board', 'message' and 'wiki.' Details of the instruction manual for the bulletin board are  pages 85-89 of the manual for Teacher "
Can email be sent to provisionally registered students?,A064,C009,Contact,"There are five ways to communicate information to all students: 'notice', 'bulletin board', 'message', 'class information', and 'wiki.' For the first two functions, a disclosure period can be set to convey information such as cancellation information. In addition, teachers, TAs and students (including provisionally registrations) can be notified by contacting all participants. If you set the option to notify as e-mail, you can notify as e-mail. Information on how to receive classes can use 'class information' and 'wiki'. There are three functions that the students can use to communicate information to the whole class: 'bulletin board', 'message' and 'wiki.' Details of the instruction manual for the bulletin board are  pages 85-89 of the manual for Teacher "
Is there a way to communicate with all students in a student account other than the bulletin board?,A064,C009,Contact,"There are five ways to communicate information to all students: 'notice', 'bulletin board', 'message', 'class information', and 'wiki.' For the first two functions, a disclosure period can be set to convey information such as cancellation information. In addition, teachers, TAs and students (including provisionally registrations) can be notified by contacting all participants. If you set the option to notify as e-mail, you can notify as e-mail. Information on how to receive classes can use 'class information' and 'wiki'. There are three functions that the students can use to communicate information to the whole class: 'bulletin board', 'message' and 'wiki.' Details of the instruction manual for the bulletin board are  pages 85-89 of the manual for Teacher "
Are there any ways to communicate with everyone in the class?,A064,C009,Contact,"There are five ways to communicate information to all students: 'notice', 'bulletin board', 'message', 'class information', and 'wiki.' For the first two functions, a disclosure period can be set to convey information such as cancellation information. In addition, teachers, TAs and students (including provisionally registrations) can be notified by contacting all participants. If you set the option to notify as e-mail, you can notify as e-mail. Information on how to receive classes can use 'class information' and 'wiki'. There are three functions that the students can use to communicate information to the whole class: 'bulletin board', 'message' and 'wiki.' Details of the instruction manual for the bulletin board are  pages 85-89 of the manual for Teacher "
I would like to send a message to each student but not send it by email.,A065,C009,Contact,"By using the message function, you can send a message to students including provisionally registration in a way such as all students, only specified groups, or only specified (multiple) students. The message is sent and received within kibaco, so if you want to send the message as an e-mail, you need to check 'Send as e-mail.' For details, see  pages 119 ~ 122 of the manual for Teacher ."""
I want to send it to the student's internal e-mail.,A065,C009,Contact,"By using the message function, you can send a message to students including provisionally registration in a way such as all students, only specified groups, or only specified (multiple) students. The message is sent and received within kibaco, so if you want to send the message as an e-mail, you need to check 'Send as e-mail.' For details, see  pages 119 ~ 122 of the manual for Teacher ."""
Can we communicate information only to certain students?,A065,C009,Contact,"By using the message function, you can send a message to students including provisionally registration in a way such as all students, only specified groups, or only specified (multiple) students. The message is sent and received within kibaco, so if you want to send the message as an e-mail, you need to check 'Send as e-mail.' For details, see  pages 119 ~ 122 of the manual for Teacher ."""
Can I send mail only to designated students?,A065,C009,Contact,"By using the message function, you can send a message to students including provisionally registration in a way such as all students, only specified groups, or only specified (multiple) students. The message is sent and received within kibaco, so if you want to send the message as an e-mail, you need to check 'Send as e-mail.' For details, see  pages 119 ~ 122 of the manual for Teacher ."""
"I want to send an email to some students, not everyone"".",A065,C009,Contact,"By using the message function, you can send a message to students including provisionally registration in a way such as all students, only specified groups, or only specified (multiple) students. The message is sent and received within kibaco, so if you want to send the message as an e-mail, you need to check 'Send as e-mail.' For details, see  pages 119 ~ 122 of the manual for Teacher ."""
I would like to send an email to students who have not registered as well.,A065,C009,Contact,"By using the message function, you can send a message to students including provisionally registration in a way such as all students, only specified groups, or only specified (multiple) students. The message is sent and received within kibaco, so if you want to send the message as an e-mail, you need to check 'Send as e-mail.' For details, see  pages 119 ~ 122 of the manual for Teacher ."""
The message function does not appear on the screen,A066,C009,Contact,"The message function is hidden by default. The procedure for using this function is described in  pages 26 to 27 of the manual for Teacher  (Described in '2. Add/delete functions' in 'Class Information Function')."""
"The teacher instructed me to submit the submission via kibaco, but I can not find the message function.",A066,C009,Contact,"The message function is hidden by default. The procedure for using this function is described in  pages 26 to 27 of the manual for Teacher  (Described in '2. Add/delete functions' in 'Class Information Function')."""
"I tried to use the ""message"" function to ""students"" and tried to send an email, but I can not find the ""message"" function written in the manual. ",A066,C009,Contact,"The message function is hidden by default. The procedure for using this function is described in  pages 26 to 27 of the manual for Teacher  (Described in '2. Add/delete functions' in 'Class Information Function')."""
I want to use the message function but can not find the function.,A066,C009,Contact,"The message function is hidden by default. The procedure for using this function is described in  pages 26 to 27 of the manual for Teacher  (Described in '2. Add/delete functions' in 'Class Information Function')."""
Where is the message function?,A066,C009,Contact,"The message function is hidden by default. The procedure for using this function is described in  pages 26 to 27 of the manual for Teacher  (Described in '2. Add/delete functions' in 'Class Information Function')."""
Can the content exchanged with students in the message function be viewed by other teachers?,A067,C009,Contact,"Messages will only be exchanged within kibaco unless 'Send as email' is checked. Even if 'Send as E-mail' is checked, email address information will not be leaked to anyone other than the recipient. Even if you send a message in a batch, it is possible for only students and teachers registered for the corse to receive the message. Thus, students who have not taken this course or teachers who have not registered cannot view the content. When sending a message to multiple students as an email, the email addresses of other students will be displayed. You can create a group of students you want to send, and send the message to that group. If a teacher sends a message to the group, only the name of the group is displayed excluding the individual email addresses of the recipients, so it is possible to prevent email address information disclosure among students."
"When sending a message to multiple students, I want to send it in a state where the students don't know who was sent to me other than myself.",A067,C009,Contact,"Messages will only be exchanged within kibaco unless 'Send as email' is checked. Even if 'Send as E-mail' is checked, email address information will not be leaked to anyone other than the recipient. Even if you send a message in a batch, it is possible for only students and teachers registered for the corse to receive the message. Thus, students who have not taken this course or teachers who have not registered cannot view the content. When sending a message to multiple students as an email, the email addresses of other students will be displayed. You can create a group of students you want to send, and send the message to that group. If a teacher sends a message to the group, only the name of the group is displayed excluding the individual email addresses of the recipients, so it is possible to prevent email address information disclosure among students."
"When sending a message to multiple students using the message function, will the student's email address be seen by other students?",A067,C009,Contact,"Messages will only be exchanged within kibaco unless 'Send as email' is checked. Even if 'Send as E-mail' is checked, email address information will not be leaked to anyone other than the recipient. Even if you send a message in a batch, it is possible for only students and teachers registered for the corse to receive the message. Thus, students who have not taken this course or teachers who have not registered cannot view the content. When sending a message to multiple students as an email, the email addresses of other students will be displayed. You can create a group of students you want to send, and send the message to that group. If a teacher sends a message to the group, only the name of the group is displayed excluding the individual email addresses of the recipients, so it is possible to prevent email address information disclosure among students."
Is the message function sent by BCC?,A067,C009,Contact,"Messages will only be exchanged within kibaco unless 'Send as email' is checked. Even if 'Send as E-mail' is checked, email address information will not be leaked to anyone other than the recipient. Even if you send a message in a batch, it is possible for only students and teachers registered for the corse to receive the message. Thus, students who have not taken this course or teachers who have not registered cannot view the content. When sending a message to multiple students as an email, the email addresses of other students will be displayed. You can create a group of students you want to send, and send the message to that group. If a teacher sends a message to the group, only the name of the group is displayed excluding the individual email addresses of the recipients, so it is possible to prevent email address information disclosure among students."
What happens to the e-mail address displayed when sending messages to multiple students?,A067,C009,Contact,"Messages will only be exchanged within kibaco unless 'Send as email' is checked. Even if 'Send as E-mail' is checked, email address information will not be leaked to anyone other than the recipient. Even if you send a message in a batch, it is possible for only students and teachers registered for the corse to receive the message. Thus, students who have not taken this course or teachers who have not registered cannot view the content. When sending a message to multiple students as an email, the email addresses of other students will be displayed. You can create a group of students you want to send, and send the message to that group. If a teacher sends a message to the group, only the name of the group is displayed excluding the individual email addresses of the recipients, so it is possible to prevent email address information disclosure among students."
"How can I prevent the students from seeing the ""notices"" of the first semester subjects? ",A068,C009,Contact,"Only users registered in the course can view the notice. If you set the usage period in the 'Display days limit,' students cannot view the notice before or after the period. The details are  pages 41 ~ 44 of the manual for Teacher ."""
Can students who are not enrolled in the subject can view the notice?,A068,C009,Contact,"Only users registered in the course can view the notice. If you set the usage period in the 'Display days limit,' students cannot view the notice before or after the period. The details are  pages 41 ~ 44 of the manual for Teacher ."""
I want to be unable to view the notices that have already expired,A068,C009,Contact,"Only users registered in the course can view the notice. If you set the usage period in the 'Display days limit,' students cannot view the notice before or after the period. The details are  pages 41 ~ 44 of the manual for Teacher ."""
Can I set a deadline to display the notice?,A068,C009,Contact,"Only users registered in the course can view the notice. If you set the usage period in the 'Display days limit,' students cannot view the notice before or after the period. The details are  pages 41 ~ 44 of the manual for Teacher ."""
Who can see the contents of the announcement?,A068,C009,Contact,"Only users registered in the course can view the notice. If you set the usage period in the 'Display days limit,' students cannot view the notice before or after the period. The details are  pages 41 ~ 44 of the manual for Teacher ."""
Can I notify students that I wrote on the bulletin board?,A069,C009,Contact,Users who have set 'watch' in the bulletin board menu can notify themselves of writing to the bulletin board.
I want to know what was written on the bulletin board but what should I do?,A069,C009,Contact,Users who have set 'watch' in the bulletin board menu can notify themselves of writing to the bulletin board.
I want to be notified when something is written,A069,C009,Contact,Users who have set 'watch' in the bulletin board menu can notify themselves of writing to the bulletin board.
I want to be notified by email when a student writes something.,A069,C009,Contact,Users who have set 'watch' in the bulletin board menu can notify themselves of writing to the bulletin board.
Does the bulletin board have a notification function?,A069,C009,Contact,Users who have set 'watch' in the bulletin board menu can notify themselves of writing to the bulletin board.
Can a new thread on the kibaco bulletin board be created with a student account?,A070,C009,Contact,"By default, students can also create new threads on bulletin board. If creation is not possible, the permissions may have been changed."
Can students create threads?,A070,C009,Contact,"By default, students can also create new threads on bulletin board. If creation is not possible, the permissions may have been changed."
Who has thread creation authority?,A070,C009,Contact,"By default, students can also create new threads on bulletin board. If creation is not possible, the permissions may have been changed."
We want to make it possible for students to create a thread specific to a certain topic freely on the bulletin board.,A070,C009,Contact,"By default, students can also create new threads on bulletin board. If creation is not possible, the permissions may have been changed."
Is there a facility for everyone to discuss a topic?,A070,C009,Contact,"By default, students can also create new threads on bulletin board. If creation is not possible, the permissions may have been changed."
Can only the users registered in the course read and write to the bulletin board?,A071,C009,Contact,"Only users registered in the course can read and write to the bulletin board. Details are  pages 85 to 89 of the manual for Teacher ."""
Can people other than the student registered the class also view the content of the bulletin board?,A071,C009,Contact,"Only users registered in the course can read and write to the bulletin board. Details are  pages 85 to 89 of the manual for Teacher ."""
What is the access authority for the bulletin board?,A071,C009,Contact,"Only users registered in the course can read and write to the bulletin board. Details are  pages 85 to 89 of the manual for Teacher ."""
Who can read/write the contents of the bulletin board other than the teacher and the student?,A071,C009,Contact,"Only users registered in the course can read and write to the bulletin board. Details are  pages 85 to 89 of the manual for Teacher ."""
Can anyone freely write to the bulletin board?,A071,C009,Contact,"Only users registered in the course can read and write to the bulletin board. Details are  pages 85 to 89 of the manual for Teacher ."""
"E-mail will be sent when the assignment is submitted, but it will be annoying because it will be sent one by one. Can it be turned off in the settings?",A072,C010,Students,The teacher in charge of each class sets the presence or absence of notification and reminding. Please consult your class teacher. Note that nobody can change the settings because kibaco automatically sends an email when you submit an assignment.
I want to turn off the notification about the issue.,A072,C010,Students,The teacher in charge of each class sets the presence or absence of notification and reminding. Please consult your class teacher. Note that nobody can change the settings because kibaco automatically sends an email when you submit an assignment.
Notice is loud.,A072,C010,Students,The teacher in charge of each class sets the presence or absence of notification and reminding. Please consult your class teacher. Note that nobody can change the settings because kibaco automatically sends an email when you submit an assignment.
I do not want to receive notification emails,A072,C010,Students,The teacher in charge of each class sets the presence or absence of notification and reminding. Please consult your class teacher. Note that nobody can change the settings because kibaco automatically sends an email when you submit an assignment.
I want to be set not to receive reminders of issues.,A072,C010,Students,The teacher in charge of each class sets the presence or absence of notification and reminding. Please consult your class teacher. Note that nobody can change the settings because kibaco automatically sends an email when you submit an assignment.
"I would like to register a student who went from university to graduated university as a student in the course, but even if the student logs in, the course is not displayed on the timetable or tab.",A073,C010,Students,"If a graduate student performs self-registration, it is necessary to use a new study number issued after entering the graduated university."
Must I register a new study number when you enter the doctoral program?,A073,C010,Students,"If a graduate student performs self-registration, it is necessary to use a new study number issued after entering the graduated university."
Students who are in the master's course cannot see the class.,A073,C010,Students,"If a graduate student performs self-registration, it is necessary to use a new study number issued after entering the graduated university."
Can I register with my previous study number?,A073,C010,Students,"If a graduate student performs self-registration, it is necessary to use a new study number issued after entering the graduated university."
Can I register with my undergraduate study number?,A073,C010,Students,"If a graduate student performs self-registration, it is necessary to use a new study number issued after entering the graduated university."
I would like to change the e-mail address for kibaco registration.,A074,C010,Students,The email address registered on kibaco is limited to those issued by the university.
I would like to change the class notification address to a personally owned address.,A074,C010,Students,The email address registered on kibaco is limited to those issued by the university.
I want to contact Gmail.,A074,C010,Students,The email address registered on kibaco is limited to those issued by the university.
I want to set it to notify Yahoo! Mail.,A074,C010,Students,The email address registered on kibaco is limited to those issued by the university.
I would like to set the default registered address as an off-campus address,A074,C010,Students,The email address registered on kibaco is limited to those issued by the university.
I can not see the previous year's course,A075,C011,Basic Usage,"If the school year changes, the class tab of the previous shool year's course will be hidden, but you can access it from the class list on My Page. In addition, display/non-display of the class tab can be set for each user. The details are  pages 12~16 of the manual for Teacher  or  pages 11~15 of the manual for Student ."""
The last year's class tab has disappeared.,A075,C011,Basic Usage,"If the school year changes, the class tab of the previous shool year's course will be hidden, but you can access it from the class list on My Page. In addition, display/non-display of the class tab can be set for each user. The details are  pages 12~16 of the manual for Teacher  or  pages 11~15 of the manual for Student ."""
I want to display the contents of the previous year's class.,A075,C011,Basic Usage,"If the school year changes, the class tab of the previous shool year's course will be hidden, but you can access it from the class list on My Page. In addition, display/non-display of the class tab can be set for each user. The details are  pages 12~16 of the manual for Teacher  or  pages 11~15 of the manual for Student ."""
The contents of last year can not be seen in the new year.,A075,C011,Basic Usage,"If the school year changes, the class tab of the previous shool year's course will be hidden, but you can access it from the class list on My Page. In addition, display/non-display of the class tab can be set for each user. The details are  pages 12~16 of the manual for Teacher  or  pages 11~15 of the manual for Student ."""
I want to display the contents of the same subject in different year.,A075,C011,Basic Usage,"If the school year changes, the class tab of the previous shool year's course will be hidden, but you can access it from the class list on My Page. In addition, display/non-display of the class tab can be set for each user. The details are  pages 12~16 of the manual for Teacher  or  pages 11~15 of the manual for Student ."""
Can't create a class wiki?,A076,C011,Basic Usage,"There is an 'edit function' button in 'Class Information' of the class course. By putting a check for each button in the list, functions such as 'wiki', 'document search', and 'schedule' become available. Unnecessary functions can be hidden by unchecking them. For details, see  pages from 106 to 112 of the manual for Teacher ."""
I want to search for materials,A076,C011,Basic Usage,"There is an 'edit function' button in 'Class Information' of the class course. By putting a check for each button in the list, functions such as 'wiki', 'document search', and 'schedule' become available. Unnecessary functions can be hidden by unchecking them. For details, see  pages from 106 to 112 of the manual for Teacher ."""
I want to share my schedule with my students.,A076,C011,Basic Usage,"There is an 'edit function' button in 'Class Information' of the class course. By putting a check for each button in the list, functions such as 'wiki', 'document search', and 'schedule' become available. Unnecessary functions can be hidden by unchecking them. For details, see  pages from 106 to 112 of the manual for Teacher ."""
I want to hide functions I do not use.,A076,C011,Basic Usage,"There is an 'edit function' button in 'Class Information' of the class course. By putting a check for each button in the list, functions such as 'wiki', 'document search', and 'schedule' become available. Unnecessary functions can be hidden by unchecking them. For details, see  pages from 106 to 112 of the manual for Teacher ."""
I want to edit the items on the left side of the course screen.,A076,C011,Basic Usage,"There is an 'edit function' button in 'Class Information' of the class course. By putting a check for each button in the list, functions such as 'wiki', 'document search', and 'schedule' become available. Unnecessary functions can be hidden by unchecking them. For details, see  pages from 106 to 112 of the manual for Teacher ."""
"I would like to distribute files to students, but can I use kibaco outside the university?",A077,C011,Basic Usage,"If you can connect to the Internet, you can use kibaco in places other than our university. All features of kibaco are available. For details, see  page 6 of the manual for Teacher  or  page 5 of the manual for Student ."""
Can I upload documents from home?,A077,C011,Basic Usage,"If you can connect to the Internet, you can use kibaco in places other than our university. All features of kibaco are available. For details, see  page 6 of the manual for Teacher  or  page 5 of the manual for Student ."""
Can I access kibaco from outside the university?,A077,C011,Basic Usage,"If you can connect to the Internet, you can use kibaco in places other than our university. All features of kibaco are available. For details, see  page 6 of the manual for Teacher  or  page 5 of the manual for Student ."""
Can I browse the class materials from other than Tokyo Metropolitan University?,A077,C011,Basic Usage,"If you can connect to the Internet, you can use kibaco in places other than our university. All features of kibaco are available. For details, see  page 6 of the manual for Teacher  or  page 5 of the manual for Student ."""
Can it be used outside the university?,A077,C011,Basic Usage,"If you can connect to the Internet, you can use kibaco in places other than our university. All features of kibaco are available. For details, see  page 6 of the manual for Teacher  or  page 5 of the manual for Student ."""
Can the teacher confirm the log of the resubmission of the assignment?,A078,C011,Basic Usage,"You cannot see the system log. If there are special circumstances, please contact the system administration room 2 (replace ● with an at-mark of e-learning-ml ● ml.tmu.ac.jp)."
Does kibaco have logging capabilities?,A078,C011,Basic Usage,"You cannot see the system log. If there are special circumstances, please contact the system administration room 2 (replace ● with an at-mark of e-learning-ml ● ml.tmu.ac.jp)."
I want to see the log,A078,C011,Basic Usage,"You cannot see the system log. If there are special circumstances, please contact the system administration room 2 (replace ● with an at-mark of e-learning-ml ● ml.tmu.ac.jp)."
I want to see the student's behavior history,A078,C011,Basic Usage,"You cannot see the system log. If there are special circumstances, please contact the system administration room 2 (replace ● with an at-mark of e-learning-ml ● ml.tmu.ac.jp)."
Can a teacher see the log?,A078,C011,Basic Usage,"You cannot see the system log. If there are special circumstances, please contact the system administration room 2 (replace ● with an at-mark of e-learning-ml ● ml.tmu.ac.jp)."
What is the recommended browser?,A079,C011,Basic Usage,"Please use Windows 7 ~ 10 and Mac OS X 10.8.5 as the OS.   Please use a browser from IE10 or later for Windows 7 ~ 10, Microsoft Edge, Firefox 24 or later, Chrome, Safari 6.1.6 for Mac OS, Firefox 24 or later, or Chrome.   In addition, there are some functions that cannot be used in IE (touch IE) started from the tile of the start screen of Windows 8."
Which OS should I use?,A079,C011,Basic Usage,"Please use Windows 7 ~ 10 and Mac OS X 10.8.5 as the OS.   Please use a browser from IE10 or later for Windows 7 ~ 10, Microsoft Edge, Firefox 24 or later, Chrome, Safari 6.1.6 for Mac OS, Firefox 24 or later, or Chrome.   In addition, there are some functions that cannot be used in IE (touch IE) started from the tile of the start screen of Windows 8."
Which browser do I use?,A079,C011,Basic Usage,"Please use Windows 7 ~ 10 and Mac OS X 10.8.5 as the OS.   Please use a browser from IE10 or later for Windows 7 ~ 10, Microsoft Edge, Firefox 24 or later, Chrome, Safari 6.1.6 for Mac OS, Firefox 24 or later, or Chrome.   In addition, there are some functions that cannot be used in IE (touch IE) started from the tile of the start screen of Windows 8."
Tell me the recommended environment.,A079,C011,Basic Usage,"Please use Windows 7 ~ 10 and Mac OS X 10.8.5 as the OS.   Please use a browser from IE10 or later for Windows 7 ~ 10, Microsoft Edge, Firefox 24 or later, Chrome, Safari 6.1.6 for Mac OS, Firefox 24 or later, or Chrome.   In addition, there are some functions that cannot be used in IE (touch IE) started from the tile of the start screen of Windows 8."
Which PC should I use?,A079,C011,Basic Usage,"Please use Windows 7 ~ 10 and Mac OS X 10.8.5 as the OS.   Please use a browser from IE10 or later for Windows 7 ~ 10, Microsoft Edge, Firefox 24 or later, Chrome, Safari 6.1.6 for Mac OS, Firefox 24 or later, or Chrome.   In addition, there are some functions that cannot be used in IE (touch IE) started from the tile of the start screen of Windows 8."
