text,intent,aid,answer
Can the teacher set the notification function?,Documents,A002,"The instructor in charge of each class can set whether or not to notify by e-mail when creating or uploading documents. Even if the student wants to be notified, the notification will not be received unless the teacher in charge of the class sets it. In addition, by using the group function, it is possible to disclose and notify documents and notices to only some students. In addition, even if it is the document uploaded to the folder set to hide, if you set it to notify"""
"I would like to distribute materials with kibaco prior to the application period, but what should I do?",Documents,A005,"If you register students in courses that correspond to the subjects, you can distribute the materials to students who have not applied for courses. Registration methods include allowing the teacher to register for the student's study number, making the course self-registerable and having the student self-register. Details are  pages 31 ~ 34 of the manual for Teacher . In addition"
The file is garbled and can not be read.,Documents,A007,"When displaying text files in a browser, the character code for display set in the browser should be used. At this time, if the character code of the file and the display character code of the browser are different, they will be garbled. Match the browser display character code to the file character code. If you find it difficult to match, please download the file. In many browsers, the character code for display is often set to UTF-8, so by uploading the file saved with character code UTF-8, there is a possibility that garbled characters can be avoided. Learn more about file uploads from  pages 44 to 46 of the manual for Teacher ."""
"The teacher should have uploaded materials in the class I am taking, but I cannot find any materials on the course.",Documents,A001,"If you cannot find the documents, please check the following points.       Student version   1. Make sure that you are enrolled in the course corresponding to the subject. Usually, you are registered for the course once you applied for the registration. You cannot use the documents before the registration.   2. Ask the teacher in charge of the class to confirm that the availability period of the data is set correctly.     Teacher version   1. Please make sure that the documents have been posted to the courses for this fiscal year that correspond to the subjects, not my page. Documents posted on My Page cannot be used except for yourself.   2. Make sure that there are no other courses offered on the same day of the week, time, or class. If you do not consolidate subjects, students may have registered for another subject.   3. Make sure that folders and files are not hidden. If it is hidden, students cannot use it.   4. By setting the availability period of folders and files, you can set the use restriction to students. Make sure that this availability period is set correctly. Students cannot use documents that are out of period."
Who can upload files?,Documents,A008,"By granting document creation authority to TA/Tutor role, TA/Tutor can upload files on behalf of the teacher. First, create a folder for sharing files in the document function. Next, select 'Edit Folder Permissions' from the drop-down list of this folder, and set the permission checkmark appropriately. The materials need to be prepared by the teacher."
Can I upload files with password settings?,Documents,A003,"kibaco does not have a function to set a password for a file. The files will be disclosed to all students, but if you want to make them available only to some students, you can use the group settings to make them available only to specific students. Another option is to upload an encrypted file, and only let some students know their password."
I want to download many files at once.,Documents,A006,Unfortunately there is no batch download feature for documents.
Can I upload files to kibaco?,Documents,A009," pages 44 to 46 of the manual for Teacher . Upload according to the instructions in 'Distributing materials'."""
Does class support students have the upload permission?,Documents,A008,"By granting document creation authority to TA/Tutor role, TA/Tutor can upload files on behalf of the teacher. First, create a folder for sharing files in the document function. Next, select 'Edit Folder Permissions' from the drop-down list of this folder, and set the permission checkmark appropriately. The materials need to be prepared by the teacher."
I want to download all the files at once.,Documents,A006,Unfortunately there is no batch download feature for documents.
Can the course be distributed if the teacher registers the student during the class entry period?,Documents,A005,"If you register students in courses that correspond to the subjects, you can distribute the materials to students who have not applied for courses. Registration methods include allowing the teacher to register for the student's study number, making the course self-registerable and having the student self-register. Details are  pages 31 ~ 34 of the manual for Teacher . In addition"
I want to distribute class materials,Documents,A004,"It is possible by using document"" function. For more information"
I would like to disclose class slides to students on kibaco.,Documents,A004,"It is possible by using document"" function. For more information"
I want TA to upload files to the course's resources. ,Documents,A008,"By granting document creation authority to TA/Tutor role, TA/Tutor can upload files on behalf of the teacher. First, create a folder for sharing files in the document function. Next, select 'Edit Folder Permissions' from the drop-down list of this folder, and set the permission checkmark appropriately. The materials need to be prepared by the teacher."
Can I upload multiple files at once?,Documents,A009," pages 44 to 46 of the manual for Teacher . Upload according to the instructions in 'Distributing materials'."""
Where should we use the character code for files placed in kibaco?,Documents,A007,"When displaying text files in a browser, the character code for display set in the browser should be used. At this time, if the character code of the file and the display character code of the browser are different, they will be garbled. Match the browser display character code to the file character code. If you find it difficult to match, please download the file. In many browsers, the character code for display is often set to UTF-8, so by uploading the file saved with character code UTF-8, there is a possibility that garbled characters can be avoided. Learn more about file uploads from  pages 44 to 46 of the manual for Teacher ."""
I want to download multiple files at once.,Documents,A006,Unfortunately there is no batch download feature for documents.
I want to give upload authority to non-teachers,Documents,A008,"By granting document creation authority to TA/Tutor role, TA/Tutor can upload files on behalf of the teacher. First, create a folder for sharing files in the document function. Next, select 'Edit Folder Permissions' from the drop-down list of this folder, and set the permission checkmark appropriately. The materials need to be prepared by the teacher."
Can only the specified student group be informed of the publication of materials?,Documents,A002,"The instructor in charge of each class can set whether or not to notify by e-mail when creating or uploading documents. Even if the student wants to be notified, the notification will not be received unless the teacher in charge of the class sets it. In addition, by using the group function, it is possible to disclose and notify documents and notices to only some students. In addition, even if it is the document uploaded to the folder set to hide, if you set it to notify"""
Tell me how to upload.,Documents,A009," pages 44 to 46 of the manual for Teacher . Upload according to the instructions in 'Distributing materials'."""
Where can I upload materials?,Documents,A009," pages 44 to 46 of the manual for Teacher . Upload according to the instructions in 'Distributing materials'."""
"How can I prevent the students from seeing any materials on ""documents"" stored for the subjects of the previous semester?",Documents,A001,"If you cannot find the documents, please check the following points.       Student version   1. Make sure that you are enrolled in the course corresponding to the subject. Usually, you are registered for the course once you applied for the registration. You cannot use the documents before the registration.   2. Ask the teacher in charge of the class to confirm that the availability period of the data is set correctly.     Teacher version   1. Please make sure that the documents have been posted to the courses for this fiscal year that correspond to the subjects, not my page. Documents posted on My Page cannot be used except for yourself.   2. Make sure that there are no other courses offered on the same day of the week, time, or class. If you do not consolidate subjects, students may have registered for another subject.   3. Make sure that folders and files are not hidden. If it is hidden, students cannot use it.   4. By setting the availability period of folders and files, you can set the use restriction to students. Make sure that this availability period is set correctly. Students cannot use documents that are out of period."
Can I distribute materials to students who have not taken this?,Documents,A005,"If you register students in courses that correspond to the subjects, you can distribute the materials to students who have not applied for courses. Registration methods include allowing the teacher to register for the student's study number, making the course self-registerable and having the student self-register. Details are  pages 31 ~ 34 of the manual for Teacher . In addition"
What is the character code specified by kibaco?,Documents,A007,"When displaying text files in a browser, the character code for display set in the browser should be used. At this time, if the character code of the file and the display character code of the browser are different, they will be garbled. Match the browser display character code to the file character code. If you find it difficult to match, please download the file. In many browsers, the character code for display is often set to UTF-8, so by uploading the file saved with character code UTF-8, there is a possibility that garbled characters can be avoided. Learn more about file uploads from  pages 44 to 46 of the manual for Teacher ."""
"If ""notification"" and ""documents"" are made available only to the group selected at the time of creation and ""notify by e-mail"" is made, will email be notified only to that group? ",Documents,A002,"The instructor in charge of each class can set whether or not to notify by e-mail when creating or uploading documents. Even if the student wants to be notified, the notification will not be received unless the teacher in charge of the class sets it. In addition, by using the group function, it is possible to disclose and notify documents and notices to only some students. In addition, even if it is the document uploaded to the folder set to hide, if you set it to notify"""
"When I open the SJIS text file I put in the document, it is garbled",Documents,A007,"When displaying text files in a browser, the character code for display set in the browser should be used. At this time, if the character code of the file and the display character code of the browser are different, they will be garbled. Match the browser display character code to the file character code. If you find it difficult to match, please download the file. In many browsers, the character code for display is often set to UTF-8, so by uploading the file saved with character code UTF-8, there is a possibility that garbled characters can be avoided. Learn more about file uploads from  pages 44 to 46 of the manual for Teacher ."""
"I uploaded documents to a folder that I set as non-display, but when I upload files with the ""notify"" setting, the folders and files will be emailed to students.",Documents,A002,"The instructor in charge of each class can set whether or not to notify by e-mail when creating or uploading documents. Even if the student wants to be notified, the notification will not be received unless the teacher in charge of the class sets it. In addition, by using the group function, it is possible to disclose and notify documents and notices to only some students. In addition, even if it is the document uploaded to the folder set to hide, if you set it to notify"""
I want to notify students when I upload the document file.,Documents,A002,"The instructor in charge of each class can set whether or not to notify by e-mail when creating or uploading documents. Even if the student wants to be notified, the notification will not be received unless the teacher in charge of the class sets it. In addition, by using the group function, it is possible to disclose and notify documents and notices to only some students. In addition, even if it is the document uploaded to the folder set to hide, if you set it to notify"""
Can I set a password for documents?,Documents,A003,"kibaco does not have a function to set a password for a file. The files will be disclosed to all students, but if you want to make them available only to some students, you can use the group settings to make them available only to specific students. Another option is to upload an encrypted file, and only let some students know their password."
Does kibaco have encryption capabilities?,Documents,A003,"kibaco does not have a function to set a password for a file. The files will be disclosed to all students, but if you want to make them available only to some students, you can use the group settings to make them available only to specific students. Another option is to upload an encrypted file, and only let some students know their password."
Can I upload encrypted files?,Documents,A003,"kibaco does not have a function to set a password for a file. The files will be disclosed to all students, but if you want to make them available only to some students, you can use the group settings to make them available only to specific students. Another option is to upload an encrypted file, and only let some students know their password."
I put the material on my page but students cannot see it.,Documents,A001,"If you cannot find the documents, please check the following points.       Student version   1. Make sure that you are enrolled in the course corresponding to the subject. Usually, you are registered for the course once you applied for the registration. You cannot use the documents before the registration.   2. Ask the teacher in charge of the class to confirm that the availability period of the data is set correctly.     Teacher version   1. Please make sure that the documents have been posted to the courses for this fiscal year that correspond to the subjects, not my page. Documents posted on My Page cannot be used except for yourself.   2. Make sure that there are no other courses offered on the same day of the week, time, or class. If you do not consolidate subjects, students may have registered for another subject.   3. Make sure that folders and files are not hidden. If it is hidden, students cannot use it.   4. By setting the availability period of folders and files, you can set the use restriction to students. Make sure that this availability period is set correctly. Students cannot use documents that are out of period."
"When creating a notification that can only be viewed by a specific group of students, does an email notification only reach the group's students?",Documents,A002,"The instructor in charge of each class can set whether or not to notify by e-mail when creating or uploading documents. Even if the student wants to be notified, the notification will not be received unless the teacher in charge of the class sets it. In addition, by using the group function, it is possible to disclose and notify documents and notices to only some students. In addition, even if it is the document uploaded to the folder set to hide, if you set it to notify"""
I want other staff to upload files.,Documents,A008,"By granting document creation authority to TA/Tutor role, TA/Tutor can upload files on behalf of the teacher. First, create a folder for sharing files in the document function. Next, select 'Edit Folder Permissions' from the drop-down list of this folder, and set the permission checkmark appropriately. The materials need to be prepared by the teacher."
Can I edit the submission deadline and reset it for submission?,Assignments,A011,"It is possible to submit an assignment by changing the deadline. Details are  pages 55 ~ 59 of the manual for Teacher ."""
I want to reflect my students’ grades,Assignments,A021,"In order to reflect the scoring results for the assignment in the gradebook, it is first necessary to select 'Add an assignment to gradebook' when creating the assignment. Next, scoring results will be reflected in the gradebook by scoring the submitted assignments and returning them to the students. In addition, you can use the 'Submission Status List' to know the submission status of assignments and the scoring results in a list. The submission status list can also be downloaded as an Excel file. For more details, see  pages 55-62 of the manual for Teacher ."""
Can't you score the question before the deadline?,Assignments,A022,"Students may replace their submissions until the deadline, so it is not possible to review or score submissions of assignments prior to the deadline. If you need to check immediately,  page 56 of the manual for Teacher . You can change the deadline settings as described in detail on the page"
Can I copy all assignments to another course?,Assignments,A014,"It is possible to copy assignments, documents, notices and Test/Questionnaire to courses of other subjects/classes for which you are in charge. For more details, please refer to  pages 35 ~ 40 of the manual for Teacher ."""
I want to be able to submit again the assignments that have been published in the past.,Assignments,A011,"It is possible to submit an assignment by changing the deadline. Details are  pages 55 ~ 59 of the manual for Teacher ."""
I would like to resubmit only the student who submitted the poor task.,Assignments,A010,"Even after the deadline, it is possible for the teacher to request specific students to resubmit. The final acceptance date and time set in the resubmission setting will be reflected only for the student, and will not be reflected in the overall final acceptance date."
Can I duplicate the created assignments?,Assignments,A015,"You can duplicate an assignment by clicking 'Duplicate' under the assignment title. Tasks created by duplication will be in draft status, so please edit and use them."
I want TA to download the issue.,Assignments,A016,"The teacher can change the authority so that users with 'TA/Tutor' authority can download assignment submissions. To change the permission, first, click on 'Permission' in the menu bar, and then on the permission setting screen, add a checkmark to 'Operation for all groups in class' and 'Scoring'. Remember that it is necessary for the teacher to input scoring and results."
I want to copy assignments from other courses.,Assignments,A014,"It is possible to copy assignments, documents, notices and Test/Questionnaire to courses of other subjects/classes for which you are in charge. For more details, please refer to  pages 35 ~ 40 of the manual for Teacher ."""
I want the staff to download the submissions,Assignments,A016,"The teacher can change the authority so that users with 'TA/Tutor' authority can download assignment submissions. To change the permission, first, click on 'Permission' in the menu bar, and then on the permission setting screen, add a checkmark to 'Operation for all groups in class' and 'Scoring'. Remember that it is necessary for the teacher to input scoring and results."
I would like to copy the assignments created in other courses.,Assignments,A014,"It is possible to copy assignments, documents, notices and Test/Questionnaire to courses of other subjects/classes for which you are in charge. For more details, please refer to  pages 35 ~ 40 of the manual for Teacher ."""
I want to be notified of the addition of an assignment,Assignments,A019,"The teachers in each class can set whether to be notified by e-mail when the addition or modification of the assignment is posted or the notification is posted. Even if the student wants to be notified, the notification will not be received unless the teacher in charge of the class sets it. In addition, since the assignment submission authority is granted to teachers as a standard, notification emails will also be sent to teachers if notifications such as adding tasks are set. For details, see  page 58 of the manual for Teacher ."""
I would like to eliminate the hierarchical structure when downloading each folder.,Assignments,A017,"Unfortunately, you cannot change the folder hierarchy for downloading."
Can I notify that I changed the content of the assignment?,Assignments,A019,"The teachers in each class can set whether to be notified by e-mail when the addition or modification of the assignment is posted or the notification is posted. Even if the student wants to be notified, the notification will not be received unless the teacher in charge of the class sets it. In addition, since the assignment submission authority is granted to teachers as a standard, notification emails will also be sent to teachers if notifications such as adding tasks are set. For details, see  page 58 of the manual for Teacher ."""
"I created an assignment that imposed text description and file attachment, but I cannot confirm the text content written by the student.",Assignments,A022,"Students may replace their submissions until the deadline, so it is not possible to review or score submissions of assignments prior to the deadline. If you need to check immediately,  page 56 of the manual for Teacher . You can change the deadline settings as described in detail on the page"
Can hierarchical folder structure not be flat?,Assignments,A017,"Unfortunately, you cannot change the folder hierarchy for downloading."
I cannot grade the assignment.,Assignments,A022,"Students may replace their submissions until the deadline, so it is not possible to review or score submissions of assignments prior to the deadline. If you need to check immediately,  page 56 of the manual for Teacher . You can change the deadline settings as described in detail on the page"
I want to leave the download of submissions to TA.,Assignments,A016,"The teacher can change the authority so that users with 'TA/Tutor' authority can download assignment submissions. To change the permission, first, click on 'Permission' in the menu bar, and then on the permission setting screen, add a checkmark to 'Operation for all groups in class' and 'Scoring'. Remember that it is necessary for the teacher to input scoring and results."
I want to know the submission status of the assignment.,Assignments,A021,"In order to reflect the scoring results for the assignment in the gradebook, it is first necessary to select 'Add an assignment to gradebook' when creating the assignment. Next, scoring results will be reflected in the gradebook by scoring the submitted assignments and returning them to the students. In addition, you can use the 'Submission Status List' to know the submission status of assignments and the scoring results in a list. The submission status list can also be downloaded as an Excel file. For more details, see  pages 55-62 of the manual for Teacher ."""
Can I get rid of the structure when I download a nested folder?,Assignments,A017,"Unfortunately, you cannot change the folder hierarchy for downloading."
Evaluated grades for the task are not reflected in the gradebook.,Assignments,A021,"In order to reflect the scoring results for the assignment in the gradebook, it is first necessary to select 'Add an assignment to gradebook' when creating the assignment. Next, scoring results will be reflected in the gradebook by scoring the submitted assignments and returning them to the students. In addition, you can use the 'Submission Status List' to know the submission status of assignments and the scoring results in a list. The submission status list can also be downloaded as an Excel file. For more details, see  pages 55-62 of the manual for Teacher ."""
The submission was completed even after the date and time of the assignment.,Assignments,A020,"Assignments can be submitted repeatedly until the final acceptance date. In addition, even if the deadline has been extended, if it has already been evaluated, it cannot be submitted for replacement. Details are  pages 29-33 of the manual for Student "
I can't see the assignment,Assignments,A012,"If you cannot find the assignments, check the following points.       Student version   1. Make sure that you are registered in the course corresponding to the subject. Usually, you are registered for the course once you applied for the registration. If you are not registered in the course, you will not be able to view and submit assignments.   2. Ask the teacher in charge of the class to confirm that the assignment and submission period for the assignment is correct.     Teacher version   1. Make sure that the assignment is not saved as a draft. Students cannot view or submit drafts. Details are  pages 55 ~ 59 of the manual for Teacher .   2. Make sure that the assignment disclosure/submission period is set correctly. Students cannot view or submit assignments that are out of period. Details are  pages 55 ~ 59 of the manual for Teacher  .   3. Make sure there are no additional courses offered on the same day of the week"
I want to copy files from other courses,Assignments,A014,"It is possible to copy assignments, documents, notices and Test/Questionnaire to courses of other subjects/classes for which you are in charge. For more details, please refer to  pages 35 ~ 40 of the manual for Teacher ."""
I cannot see the assignments submitted by the students.,Assignments,A022,"Students may replace their submissions until the deadline, so it is not possible to review or score submissions of assignments prior to the deadline. If you need to check immediately,  page 56 of the manual for Teacher . You can change the deadline settings as described in detail on the page"
Can student's submissions to assignments not be batch downloaded until the deadline date?,Assignments,A022,"Students may replace their submissions until the deadline, so it is not possible to review or score submissions of assignments prior to the deadline. If you need to check immediately,  page 56 of the manual for Teacher . You can change the deadline settings as described in detail on the page"
I want to copy files from other classes,Assignments,A014,"It is possible to copy assignments, documents, notices and Test/Questionnaire to courses of other subjects/classes for which you are in charge. For more details, please refer to  pages 35 ~ 40 of the manual for Teacher ."""
"There is no folder, I want to export only files.",Assignments,A017,"Unfortunately, you cannot change the folder hierarchy for downloading."
"I want to copy the same assignment again,",Assignments,A015,"You can duplicate an assignment by clicking 'Duplicate' under the assignment title. Tasks created by duplication will be in draft status, so please edit and use them."
"When a student resubmits an assignment, is it overwritten if the file name is the same?",Assignments,A013,"If the file name is the same, an overwrite confirmation message will be displayed, and the file will be overwritten if submitted as it is. If you want to submit as a separate file, please change the file name beforehand and submit. Details are  pages 31 ~ 33 of the manual for Student ."""
Can I copy the same task to another class?,Assignments,A014,"It is possible to copy assignments, documents, notices and Test/Questionnaire to courses of other subjects/classes for which you are in charge. For more details, please refer to  pages 35 ~ 40 of the manual for Teacher ."""
Can I modify the submission deadline after the final acceptance date?,Assignments,A011,"It is possible to submit an assignment by changing the deadline. Details are  pages 55 ~ 59 of the manual for Teacher ."""
Can't submit assignment,Assignments,A020,"Assignments can be submitted repeatedly until the final acceptance date. In addition, even if the deadline has been extended, if it has already been evaluated, it cannot be submitted for replacement. Details are  pages 29-33 of the manual for Student "
"After the deadline, it seems that the resubmission is not possible, but can I do it?",Assignments,A010,"Even after the deadline, it is possible for the teacher to request specific students to resubmit. The final acceptance date and time set in the resubmission setting will be reflected only for the student, and will not be reflected in the overall final acceptance date."
I want to keep the previously submitted file.,Assignments,A013,"If the file name is the same, an overwrite confirmation message will be displayed, and the file will be overwritten if submitted as it is. If you want to submit as a separate file, please change the file name beforehand and submit. Details are  pages 31 ~ 33 of the manual for Student ."""
"I would like to send a notification email to myself (teacher),",Assignments,A019,"The teachers in each class can set whether to be notified by e-mail when the addition or modification of the assignment is posted or the notification is posted. Even if the student wants to be notified, the notification will not be received unless the teacher in charge of the class sets it. In addition, since the assignment submission authority is granted to teachers as a standard, notification emails will also be sent to teachers if notifications such as adding tasks are set. For details, see  page 58 of the manual for Teacher ."""
The assignment is not displayed.,Assignments,A012,"If you cannot find the assignments, check the following points.       Student version   1. Make sure that you are registered in the course corresponding to the subject. Usually, you are registered for the course once you applied for the registration. If you are not registered in the course, you will not be able to view and submit assignments.   2. Ask the teacher in charge of the class to confirm that the assignment and submission period for the assignment is correct.     Teacher version   1. Make sure that the assignment is not saved as a draft. Students cannot view or submit drafts. Details are  pages 55 ~ 59 of the manual for Teacher .   2. Make sure that the assignment disclosure/submission period is set correctly. Students cannot view or submit assignments that are out of period. Details are  pages 55 ~ 59 of the manual for Teacher  .   3. Make sure there are no additional courses offered on the same day of the week"
I would like to receive an email notification when the deadline for the assignment is approaching.,Assignments,A018,"If you check 'Send reminder email' on the assignment creation screen, you can remind the unsubmitted students by email 24 hours before the due date. In addition, since the assignment submission authority is granted to teachers as a standard, reminder emails will also be sent to teachers. For details, see  page 58 of the manual for Teacher  and  pages 63 of the manual for Teacher ."""
I would like to have students who submit incomplete assignments resubmit.,Assignments,A010,"Even after the deadline, it is possible for the teacher to request specific students to resubmit. The final acceptance date and time set in the resubmission setting will be reflected only for the student, and will not be reflected in the overall final acceptance date."
"I have set the resubmission settings for specific students, but they will not be reflected in the overall final acceptance date. Can students resubmit in this state?",Assignments,A010,"Even after the deadline, it is possible for the teacher to request specific students to resubmit. The final acceptance date and time set in the resubmission setting will be reflected only for the student, and will not be reflected in the overall final acceptance date."
I want to notify students before the deadline.,Assignments,A018,"If you check 'Send reminder email' on the assignment creation screen, you can remind the unsubmitted students by email 24 hours before the due date. In addition, since the assignment submission authority is granted to teachers as a standard, reminder emails will also be sent to teachers. For details, see  page 58 of the manual for Teacher  and  pages 63 of the manual for Teacher ."""
A test published by the teacher is not displayed.,Assignments,A012,"If you cannot find the assignments, check the following points.       Student version   1. Make sure that you are registered in the course corresponding to the subject. Usually, you are registered for the course once you applied for the registration. If you are not registered in the course, you will not be able to view and submit assignments.   2. Ask the teacher in charge of the class to confirm that the assignment and submission period for the assignment is correct.     Teacher version   1. Make sure that the assignment is not saved as a draft. Students cannot view or submit drafts. Details are  pages 55 ~ 59 of the manual for Teacher .   2. Make sure that the assignment disclosure/submission period is set correctly. Students cannot view or submit assignments that are out of period. Details are  pages 55 ~ 59 of the manual for Teacher  .   3. Make sure there are no additional courses offered on the same day of the week"
Can a non-teacher download the task file?,Assignments,A016,"The teacher can change the authority so that users with 'TA/Tutor' authority can download assignment submissions. To change the permission, first, click on 'Permission' in the menu bar, and then on the permission setting screen, add a checkmark to 'Operation for all groups in class' and 'Scoring'. Remember that it is necessary for the teacher to input scoring and results."
I would like to send a reminder of the assignment.,Assignments,A018,"If you check 'Send reminder email' on the assignment creation screen, you can remind the unsubmitted students by email 24 hours before the due date. In addition, since the assignment submission authority is granted to teachers as a standard, reminder emails will also be sent to teachers. For details, see  page 58 of the manual for Teacher  and  pages 63 of the manual for Teacher ."""
"When I download a folder, I want to delete the internal folder so that I can see all the files in a list.",Assignments,A017,"Unfortunately, you cannot change the folder hierarchy for downloading."
Can I change the deadline after the deadline?,Assignments,A011,"It is possible to submit an assignment by changing the deadline. Details are  pages 55 ~ 59 of the manual for Teacher ."""
No notification about the assignment has arrived.,Assignments,A019,"The teachers in each class can set whether to be notified by e-mail when the addition or modification of the assignment is posted or the notification is posted. Even if the student wants to be notified, the notification will not be received unless the teacher in charge of the class sets it. In addition, since the assignment submission authority is granted to teachers as a standard, notification emails will also be sent to teachers if notifications such as adding tasks are set. For details, see  page 58 of the manual for Teacher ."""
There are no assignments that should have been created,Assignments,A012,"If you cannot find the assignments, check the following points.       Student version   1. Make sure that you are registered in the course corresponding to the subject. Usually, you are registered for the course once you applied for the registration. If you are not registered in the course, you will not be able to view and submit assignments.   2. Ask the teacher in charge of the class to confirm that the assignment and submission period for the assignment is correct.     Teacher version   1. Make sure that the assignment is not saved as a draft. Students cannot view or submit drafts. Details are  pages 55 ~ 59 of the manual for Teacher .   2. Make sure that the assignment disclosure/submission period is set correctly. Students cannot view or submit assignments that are out of period. Details are  pages 55 ~ 59 of the manual for Teacher  .   3. Make sure there are no additional courses offered on the same day of the week"
There are no test results for students,Test/Questionnaire,A023,"Test/Questionnaire will not be submitted unless the 'Submit' button is pressed. Please note that pressing the 'Save' button will not result in submission. For details, see  pages 34 to 36 of the manual for Student . The teacher cannot confirm the content of the saved status."""
Can I set test participant information anonymously?,Test/Questionnaire,A026,"In 'Test/Questionnaire', it is possible to anonymize the respondent by setting 'Student identification information' to 'Anonymous scoring only' in 'Scoring' item on the setting screen. If the submission ID is displayed but the name cannot be confirmed, please check if it is set as 'Anonymous scoring only'."
I would like to use the problem that TA considered to the test.,Test/Questionnaire,A027,"By contacting the system administrator, users registered as 'TA/Tutors' in the course will be able to enter questions on behalf of the teacher. The questions the 'TA/Tutors' have entered will be shared with the teacher using the 'Problem Pool'. It is necessary for the teacher to create and disclose a 'Test/Questionnaire' using this problem pool. In addition, the teacher needs to create the problem."
Problem pool and test are not linked,Test/Questionnaire,A030,"If you modify the 'answers' in the 'Problem Pool' after creating a test, the tests you have already created will not automatically be reflected. Please drop the test and create again."
Can't automatically create a test from an already created problem?,Test/Questionnaire,A029,The 'Problem Pool' allows you to accumulate problems and create tests from those automatically selected.
"I made the students answer the test they created, but they are in a state where they cannot distinguish the students on the screen that confirms the test response.",Test/Questionnaire,A026,"In 'Test/Questionnaire', it is possible to anonymize the respondent by setting 'Student identification information' to 'Anonymous scoring only' in 'Scoring' item on the setting screen. If the submission ID is displayed but the name cannot be confirmed, please check if it is set as 'Anonymous scoring only'."
Can I fix the problems of published questionnaires?,Test/Questionnaire,A037,"Once you create a 'Test/Questionnaire' and publish it, you cannot modify that question. You need to withdraw it once and publish it again."
"If I know the URL, and I can answer the questionnaire, can I resume when the session is disconnected?",Test/Questionnaire,A035,"If the method of publishing the questionnaire is 'who contacted the URL for response', even if it can be saved, it can not be resumed at another opportunity. It will be redone from the beginning."
Students cannot take a test,Test/Questionnaire,A024,"If you cannot find the 'Test/Questionnaire', please check the following points.       Student version   1. Make sure that you are registered in the course corresponding to the subject. Usually, you are registered for the course once you applied for the registration. If you are not registered in the course, you will not be able to view and answer the 'Test/Questionnaire'.   2. Ask the teacher in charge of the class to confirm that the 'Test/Questionnaire' disclosure/response period is set correctly.       Teacher version   1. Please make sure that the 'Test/Questionnaire' set the reading/answer date and reflect the setting. In the case of a draft, students cannot view or respond. For more information, see  pages 68 ~ 69 of the manual for Teacher  .   2. Make sure that the 'Test/Questionnaire' disclosure/response period is set correctly. Students cannot view or respond to 'Test/Questionnaire' that are out of period. For more information"
Can you convert the characters in questionnaires to other types with kibaco?,Test/Questionnaire,A036,"kibaco cannot process strings automatically. Even if there are special characters such as numbers, HTML tags and line feed codes in the answer, they are output as a character string at the time of export. If you want to correct these characters, please process the exported file."
Can I only enter full-width characters?,Test/Questionnaire,A028,"You cannot restrict input character types on kibaco. If you want to impose restrictions such as entering only single-byte characters, please write a note on the problem statement."
I do not see the question in its result exported as a file.,Test/Questionnaire,A038,"When you export 'Test/Questionnaire' results, the file contains only the answers, not the questions. Also, if you run a test or questionnaire that allows multiple answers, the exported file will contain all the answers from your students. Information on the order submitted will be included, so please use the order information to determine the first answer or the last answer."
I want to keep the delay status in the exported test result file.,Test/Questionnaire,A033,"Unfortunately, the file that exported the 'Test/Questionnaire' results does not show the 'Delayed' status. The date and time of submission will be described, so please check against the deadline to see if it is delayed."
Is it okay if I interrupt the questionnaire once?,Test/Questionnaire,A034,"If you are answering a selected test or questionnaire from the 'Test/Questionnaire' screen, you can save the answer on the way and resume on another occasion. If the URL is notified and answered, it can be saved but cannot be resumed on another occasion. For details, please see  page 35 of the manual for Student ."""
Are there any ways to limit input characters?,Test/Questionnaire,A028,"You cannot restrict input character types on kibaco. If you want to impose restrictions such as entering only single-byte characters, please write a note on the problem statement."
Is the number in the questionnaire only a string,Test/Questionnaire,A036,"kibaco cannot process strings automatically. Even if there are special characters such as numbers, HTML tags and line feed codes in the answer, they are output as a character string at the time of export. If you want to correct these characters, please process the exported file."
I would like to record the answer once,Test/Questionnaire,A034,"If you are answering a selected test or questionnaire from the 'Test/Questionnaire' screen, you can save the answer on the way and resume on another occasion. If the URL is notified and answered, it can be saved but cannot be resumed on another occasion. For details, please see  page 35 of the manual for Student ."""
I want TA to be able to enter questions to a questionnaire.,Test/Questionnaire,A027,"By contacting the system administrator, users registered as 'TA/Tutors' in the course will be able to enter questions on behalf of the teacher. The questions the 'TA/Tutors' have entered will be shared with the teacher using the 'Problem Pool'. It is necessary for the teacher to create and disclose a 'Test/Questionnaire' using this problem pool. In addition, the teacher needs to create the problem."
The registered student is unable to answer the test.,Test/Questionnaire,A024,"If you cannot find the 'Test/Questionnaire', please check the following points.       Student version   1. Make sure that you are registered in the course corresponding to the subject. Usually, you are registered for the course once you applied for the registration. If you are not registered in the course, you will not be able to view and answer the 'Test/Questionnaire'.   2. Ask the teacher in charge of the class to confirm that the 'Test/Questionnaire' disclosure/response period is set correctly.       Teacher version   1. Please make sure that the 'Test/Questionnaire' set the reading/answer date and reflect the setting. In the case of a draft, students cannot view or respond. For more information, see  pages 68 ~ 69 of the manual for Teacher  .   2. Make sure that the 'Test/Questionnaire' disclosure/response period is set correctly. Students cannot view or respond to 'Test/Questionnaire' that are out of period. For more information"
I want to check the behavior without releasing the test,Test/Questionnaire,A025,"You can check how created tests work by pre-view. Details are:  pages 94~95 of the manual for Teacher ."""
Can't we accumulate test problems and output them randomly?,Test/Questionnaire,A029,The 'Problem Pool' allows you to accumulate problems and create tests from those automatically selected.
Can I upload only one questionnaire once after the deadline?,Test/Questionnaire,A032,"Delayed responses can only be made once. For more information, see  pages 68 ~ 69 of the manual for Teacher ."""
Can I submit a late questionnaire only once?,Test/Questionnaire,A032,"Delayed responses can only be made once. For more information, see  pages 68 ~ 69 of the manual for Teacher ."""
The same student answers more than once in the same questionnaire.,Test/Questionnaire,A038,"When you export 'Test/Questionnaire' results, the file contains only the answers, not the questions. Also, if you run a test or questionnaire that allows multiple answers, the exported file will contain all the answers from your students. Information on the order submitted will be included, so please use the order information to determine the first answer or the last answer."
Are problems in the problem pool fixed but are automatically reflected in the test I already created?,Test/Questionnaire,A030,"If you modify the 'answers' in the 'Problem Pool' after creating a test, the tests you have already created will not automatically be reflected. Please drop the test and create again."
Can students modify their answers in Test/Questionnaire?,Test/Questionnaire,A039,"You cannot modify what you have already submitted in the test or questionnaire. If multiple answers are allowed, please answer again as you can only answer as many times as the deadline. In addition, when the questionnaire is published in the setting of 'anonymous' and 'the person who contacted the URL for an answer', if there are multiple answers, they are treated as if they were answered by different people. For more information, see  pages 64 ~ 69 of the manual for Teacher ."""
Can I correct the results other than resubmitting the questionnaire?,Test/Questionnaire,A039,"You cannot modify what you have already submitted in the test or questionnaire. If multiple answers are allowed, please answer again as you can only answer as many times as the deadline. In addition, when the questionnaire is published in the setting of 'anonymous' and 'the person who contacted the URL for an answer', if there are multiple answers, they are treated as if they were answered by different people. For more information, see  pages 64 ~ 69 of the manual for Teacher ."""
"For questionnaires that have been published as ""persons to whom the URL for the response was sent"", can the content already answered be corrected later? ",Test/Questionnaire,A039,"You cannot modify what you have already submitted in the test or questionnaire. If multiple answers are allowed, please answer again as you can only answer as many times as the deadline. In addition, when the questionnaire is published in the setting of 'anonymous' and 'the person who contacted the URL for an answer', if there are multiple answers, they are treated as if they were answered by different people. For more information, see  pages 64 ~ 69 of the manual for Teacher ."""
Can I fix the text of question in the questionnaire published to students?,Test/Questionnaire,A037,"Once you create a 'Test/Questionnaire' and publish it, you cannot modify that question. You need to withdraw it once and publish it again."
Can HTML tags be used in questionnaire?,Test/Questionnaire,A036,"kibaco cannot process strings automatically. Even if there are special characters such as numbers, HTML tags and line feed codes in the answer, they are output as a character string at the time of export. If you want to correct these characters, please process the exported file."
Can we make test respondents anonymous,Test/Questionnaire,A026,"In 'Test/Questionnaire', it is possible to anonymize the respondent by setting 'Student identification information' to 'Anonymous scoring only' in 'Scoring' item on the setting screen. If the submission ID is displayed but the name cannot be confirmed, please check if it is set as 'Anonymous scoring only'."
Is it possible to correct the questions on the published Test/Questionnaire?,Test/Questionnaire,A037,"Once you create a 'Test/Questionnaire' and publish it, you cannot modify that question. You need to withdraw it once and publish it again."
Can I mark and download the results of the delayed test?,Test/Questionnaire,A033,"Unfortunately, the file that exported the 'Test/Questionnaire' results does not show the 'Delayed' status. The date and time of submission will be described, so please check against the deadline to see if it is delayed."
The TA entered a problem in a subpool of the problem pool but cannot see the subpool from the teacher.,Test/Questionnaire,A031,"First of all, sharing pooled problems among teachers is possible by default. If you want to include TA/Tutor as the sharing partner, it is possible by contacting the system administrator. The content of the problem needs to be considered by the teacher, and the subpool can be added only by the teacher who created the problem pool."
A user who said they have taken a test is not ready to check the results.,Test/Questionnaire,A023,"Test/Questionnaire will not be submitted unless the 'Submit' button is pressed. Please note that pressing the 'Save' button will not result in submission. For details, see  pages 34 to 36 of the manual for Student . The teacher cannot confirm the content of the saved status."""
I want to limit the answer to half-width characters in the settings for the test questions.,Test/Questionnaire,A028,"You cannot restrict input character types on kibaco. If you want to impose restrictions such as entering only single-byte characters, please write a note on the problem statement."
I want to check the behavior of the test without being seen by students.,Test/Questionnaire,A025,"You can check how created tests work by pre-view. Details are:  pages 94~95 of the manual for Teacher ."""
I do not know if students delayed when I downloaded the test results.,Test/Questionnaire,A033,"Unfortunately, the file that exported the 'Test/Questionnaire' results does not show the 'Delayed' status. The date and time of submission will be described, so please check against the deadline to see if it is delayed."
I want to make tests systematically,Test/Questionnaire,A029,The 'Problem Pool' allows you to accumulate problems and create tests from those automatically selected.
"When exporting questionnaire responses, numerical responses are treated as strings in the file. I want to limit the numbers.",Test/Questionnaire,A036,"kibaco cannot process strings automatically. Even if there are special characters such as numbers, HTML tags and line feed codes in the answer, they are output as a character string at the time of export. If you want to correct these characters, please process the exported file."
Test has not been modified,Test/Questionnaire,A030,"If you modify the 'answers' in the 'Problem Pool' after creating a test, the tests you have already created will not automatically be reflected. Please drop the test and create again."
I want to keep track of the assignment I created,Test/Questionnaire,A029,The 'Problem Pool' allows you to accumulate problems and create tests from those automatically selected.
The questionnaire in the answer has disappeared.,Test/Questionnaire,A035,"If the method of publishing the questionnaire is 'who contacted the URL for response', even if it can be saved, it can not be resumed at another opportunity. It will be redone from the beginning."
"Exported Excel file includes only answers, and there are many answers from the same student.",Test/Questionnaire,A038,"When you export 'Test/Questionnaire' results, the file contains only the answers, not the questions. Also, if you run a test or questionnaire that allows multiple answers, the exported file will contain all the answers from your students. Information on the order submitted will be included, so please use the order information to determine the first answer or the last answer."
I cannot see the results of the students who have taken the test.,Test/Questionnaire,A023,"Test/Questionnaire will not be submitted unless the 'Submit' button is pressed. Please note that pressing the 'Save' button will not result in submission. For details, see  pages 34 to 36 of the manual for Student . The teacher cannot confirm the content of the saved status."""
"When exporting questionnaire responses, some of the responses show ""-br-- "". ",Test/Questionnaire,A036,"kibaco cannot process strings automatically. Even if there are special characters such as numbers, HTML tags and line feed codes in the answer, they are output as a character string at the time of export. If you want to correct these characters, please process the exported file."
Can kibaco impose restrictions on input characters?,Test/Questionnaire,A028,"You cannot restrict input character types on kibaco. If you want to impose restrictions such as entering only single-byte characters, please write a note on the problem statement."
I interrupted the survey but I can't resume it.,Test/Questionnaire,A035,"If the method of publishing the questionnaire is 'who contacted the URL for response', even if it can be saved, it can not be resumed at another opportunity. It will be redone from the beginning."
"My browser fell along the way, can I resume the survey?",Test/Questionnaire,A034,"If you are answering a selected test or questionnaire from the 'Test/Questionnaire' screen, you can save the answer on the way and resume on another occasion. If the URL is notified and answered, it can be saved but cannot be resumed on another occasion. For details, please see  page 35 of the manual for Student ."""
I would like to share the problem pool with other teachers.,Test/Questionnaire,A031,"First of all, sharing pooled problems among teachers is possible by default. If you want to include TA/Tutor as the sharing partner, it is possible by contacting the system administrator. The content of the problem needs to be considered by the teacher, and the subpool can be added only by the teacher who created the problem pool."
"The number of submissions has been set to unlimited in ""Test/Questionnaire,"" but how many delayed submissions can be made? ",Test/Questionnaire,A032,"Delayed responses can only be made once. For more information, see  pages 68 ~ 69 of the manual for Teacher ."""
Can't TA get a test?,Test/Questionnaire,A024,"If you cannot find the 'Test/Questionnaire', please check the following points.       Student version   1. Make sure that you are registered in the course corresponding to the subject. Usually, you are registered for the course once you applied for the registration. If you are not registered in the course, you will not be able to view and answer the 'Test/Questionnaire'.   2. Ask the teacher in charge of the class to confirm that the 'Test/Questionnaire' disclosure/response period is set correctly.       Teacher version   1. Please make sure that the 'Test/Questionnaire' set the reading/answer date and reflect the setting. In the case of a draft, students cannot view or respond. For more information, see  pages 68 ~ 69 of the manual for Teacher  .   2. Make sure that the 'Test/Questionnaire' disclosure/response period is set correctly. Students cannot view or respond to 'Test/Questionnaire' that are out of period. For more information"
I can't fix the question of the questionnaire,Test/Questionnaire,A037,"Once you create a 'Test/Questionnaire' and publish it, you cannot modify that question. You need to withdraw it once and publish it again."
"The ""delay tag"" when the test is submitted late is not visible in the exported file. ",Test/Questionnaire,A033,"Unfortunately, the file that exported the 'Test/Questionnaire' results does not show the 'Delayed' status. The date and time of submission will be described, so please check against the deadline to see if it is delayed."
"The questionnaire was conducted but the submitter's name is not displayed, instead the submission ID is displayed.",Test/Questionnaire,A026,"In 'Test/Questionnaire', it is possible to anonymize the respondent by setting 'Student identification information' to 'Anonymous scoring only' in 'Scoring' item on the setting screen. If the submission ID is displayed but the name cannot be confirmed, please check if it is set as 'Anonymous scoring only'."
Why are there multiple answers for the same student when exporting test results?,Test/Questionnaire,A038,"When you export 'Test/Questionnaire' results, the file contains only the answers, not the questions. Also, if you run a test or questionnaire that allows multiple answers, the exported file will contain all the answers from your students. Information on the order submitted will be included, so please use the order information to determine the first answer or the last answer."
Can we create an anonymous survey?,Test/Questionnaire,A026,"In 'Test/Questionnaire', it is possible to anonymize the respondent by setting 'Student identification information' to 'Anonymous scoring only' in 'Scoring' item on the setting screen. If the submission ID is displayed but the name cannot be confirmed, please check if it is set as 'Anonymous scoring only'."
I want to check the pre-publication test,Test/Questionnaire,A025,"You can check how created tests work by pre-view. Details are:  pages 94~95 of the manual for Teacher ."""
Students cannot take the test,Test/Questionnaire,A024,"If you cannot find the 'Test/Questionnaire', please check the following points.       Student version   1. Make sure that you are registered in the course corresponding to the subject. Usually, you are registered for the course once you applied for the registration. If you are not registered in the course, you will not be able to view and answer the 'Test/Questionnaire'.   2. Ask the teacher in charge of the class to confirm that the 'Test/Questionnaire' disclosure/response period is set correctly.       Teacher version   1. Please make sure that the 'Test/Questionnaire' set the reading/answer date and reflect the setting. In the case of a draft, students cannot view or respond. For more information, see  pages 68 ~ 69 of the manual for Teacher  .   2. Make sure that the 'Test/Questionnaire' disclosure/response period is set correctly. Students cannot view or respond to 'Test/Questionnaire' that are out of period. For more information"
I want to check the test I created,Test/Questionnaire,A025,"You can check how created tests work by pre-view. Details are:  pages 94~95 of the manual for Teacher ."""
Does a questionnaire once interrupted have to be entered from the beginning?,Test/Questionnaire,A034,"If you are answering a selected test or questionnaire from the 'Test/Questionnaire' screen, you can save the answer on the way and resume on another occasion. If the URL is notified and answered, it can be saved but cannot be resumed on another occasion. For details, please see  page 35 of the manual for Student ."""
"Can I enter a continuation even if I interrupt the survey published as ""the person to whom the response URL was sent? ",Test/Questionnaire,A035,"If the method of publishing the questionnaire is 'who contacted the URL for response', even if it can be saved, it can not be resumed at another opportunity. It will be redone from the beginning."
I cannot confirm which student answered,Test/Questionnaire,A026,"In 'Test/Questionnaire', it is possible to anonymize the respondent by setting 'Student identification information' to 'Anonymous scoring only' in 'Scoring' item on the setting screen. If the submission ID is displayed but the name cannot be confirmed, please check if it is set as 'Anonymous scoring only'."
I would like to use materials etc. even if the year changes.,Contents,A041,"Courses cannot be taken over, but part of the material content can be copied from other courses for which you are in charge, or to other courses. For more details, please refer to  pages 35 ~ 40 of the manual for Teacher ."""
I would like to continue using the courses I have created in this year and beyond in the next year.,Contents,A042,"Courses corresponding to the subject cannot be used more than one year, but course content can be copied from last year's course. For more details, please refer to  pages 35 ~ 40 of the manual for Teacher ."""
I want to check what the students look like.,Contents,A040,"It is possible to switch to student authority and check. You can check in detail in the student mode. Details are  pages 94 to 95 of the manual for Teacher ."""
I want to use the course across the year.,Contents,A042,"Courses corresponding to the subject cannot be used more than one year, but course content can be copied from last year's course. For more details, please refer to  pages 35 ~ 40 of the manual for Teacher ."""
I want to share the contents of the subject with the teacher who will take over the class in the next fiscal year.,Contents,A041,"Courses cannot be taken over, but part of the material content can be copied from other courses for which you are in charge, or to other courses. For more details, please refer to  pages 35 ~ 40 of the manual for Teacher ."""
I want to check the display screen from the student when I set the resubmission setting.,Contents,A040,"It is possible to switch to student authority and check. You can check in detail in the student mode. Details are  pages 94 to 95 of the manual for Teacher ."""
I would like to take over the tests and materials in next year's class.,Contents,A041,"Courses cannot be taken over, but part of the material content can be copied from other courses for which you are in charge, or to other courses. For more details, please refer to  pages 35 ~ 40 of the manual for Teacher ."""
I would like to take over the same file in next year's class.,Contents,A042,"Courses corresponding to the subject cannot be used more than one year, but course content can be copied from last year's course. For more details, please refer to  pages 35 ~ 40 of the manual for Teacher ."""
I want to use the same course next year.,Contents,A042,"Courses corresponding to the subject cannot be used more than one year, but course content can be copied from last year's course. For more details, please refer to  pages 35 ~ 40 of the manual for Teacher ."""
Is there a browsing function in student mode?,Contents,A040,"It is possible to switch to student authority and check. You can check in detail in the student mode. Details are  pages 94 to 95 of the manual for Teacher ."""
Can I view files to be disclosed in student mode?,Contents,A040,"It is possible to switch to student authority and check. You can check in detail in the student mode. Details are  pages 94 to 95 of the manual for Teacher ."""
"When I try to upload the document, it is displayed that the capacity is over 150 MB and I cannot upload. The file size does not exceed 150 MB. Operating environment: MacOS 10.6",Uploading,A043,"Two examples of file upload failure have been identified.   1. Uploading may not be possible if you use a browser outside the recommended environment. Please try uploading again using the recommended environment of kibaco.   2. When the file to be uploaded is open, uploading with a specific version of Microsoft Edge may result in an empty file. You will be able to upload successfully by closing the file and uploading again, changing the browser, updating the Edge, etc."
Can I also upload image files?,Uploading,A045,"In addition to text files, you can upload to kibaco as long as it is within the capacity limit (for details, see  page 44-46 of the manual for Teacher ). You can also upload SCORM 2004 format packages (see  page 113-115 of the manual for Teacher )."""
"We are planning to create an assignment and have 60 students submit files of about several MB during class, but is there a limit on the size of the submitted files?",Uploading,A044,"You can upload files of up to 150 MB in one uploading. You can also upload files up to a total capacity of 1GB for each course. If you upload an empty file, it will be displayed as '0KB' as if the file was submitted."
I want to know the file format I can upload.,Uploading,A045,"In addition to text files, you can upload to kibaco as long as it is within the capacity limit (for details, see  page 44-46 of the manual for Teacher ). You can also upload SCORM 2004 format packages (see  page 113-115 of the manual for Teacher )."""
"I tried uploading the SCORM teaching material file, which is one of the standards for the e-learning system, but it was displayed as ""manifest.xml file not found"",And uploading failed. ",Uploading,A045,"In addition to text files, you can upload to kibaco as long as it is within the capacity limit (for details, see  page 44-46 of the manual for Teacher ). You can also upload SCORM 2004 format packages (see  page 113-115 of the manual for Teacher )."""
"I am using an old MacOS, but it appears that files of small size exceed 150 MB and I cannot upload it.",Uploading,A043,"Two examples of file upload failure have been identified.   1. Uploading may not be possible if you use a browser outside the recommended environment. Please try uploading again using the recommended environment of kibaco.   2. When the file to be uploaded is open, uploading with a specific version of Microsoft Edge may result in an empty file. You will be able to upload successfully by closing the file and uploading again, changing the browser, updating the Edge, etc."
File disappears with Microsoft Edge,Uploading,A043,"Two examples of file upload failure have been identified.   1. Uploading may not be possible if you use a browser outside the recommended environment. Please try uploading again using the recommended environment of kibaco.   2. When the file to be uploaded is open, uploading with a specific version of Microsoft Edge may result in an empty file. You will be able to upload successfully by closing the file and uploading again, changing the browser, updating the Edge, etc."
"When submitting an assignment, is there a limit to the file size?",Uploading,A044,"You can upload files of up to 150 MB in one uploading. You can also upload files up to a total capacity of 1GB for each course. If you upload an empty file, it will be displayed as '0KB' as if the file was submitted."
What file types can I upload?,Uploading,A045,"In addition to text files, you can upload to kibaco as long as it is within the capacity limit (for details, see  page 44-46 of the manual for Teacher ). You can also upload SCORM 2004 format packages (see  page 113-115 of the manual for Teacher )."""
Is there an upper limit on the amount of files that can be uploaded?,Uploading,A044,"You can upload files of up to 150 MB in one uploading. You can also upload files up to a total capacity of 1GB for each course. If you upload an empty file, it will be displayed as '0KB' as if the file was submitted."
"When I tried to upload a file to the ""document"" an empty file was uploaded. ",Uploading,A043,"Two examples of file upload failure have been identified.   1. Uploading may not be possible if you use a browser outside the recommended environment. Please try uploading again using the recommended environment of kibaco.   2. When the file to be uploaded is open, uploading with a specific version of Microsoft Edge may result in an empty file. You will be able to upload successfully by closing the file and uploading again, changing the browser, updating the Edge, etc."
Contents disappear when uploading files on Edge,Uploading,A043,"Two examples of file upload failure have been identified.   1. Uploading may not be possible if you use a browser outside the recommended environment. Please try uploading again using the recommended environment of kibaco.   2. When the file to be uploaded is open, uploading with a specific version of Microsoft Edge may result in an empty file. You will be able to upload successfully by closing the file and uploading again, changing the browser, updating the Edge, etc."
Can I upload using a browser other than the recommended environment?,Uploading,A043,"Two examples of file upload failure have been identified.   1. Uploading may not be possible if you use a browser outside the recommended environment. Please try uploading again using the recommended environment of kibaco.   2. When the file to be uploaded is open, uploading with a specific version of Microsoft Edge may result in an empty file. You will be able to upload successfully by closing the file and uploading again, changing the browser, updating the Edge, etc."
How can a teacher use kibaco?,Registration,A047,"Please note the following three points when using kibaco.     1. In order to use kibaco, you first need to acquire the ID of 'Information System for Education and Research'. Please apply for the right to use kibaco when you apply for ID acquisition. In addition, teachers who have already acquired an ID may not have acquired the right to use kibaco. In this case, please apply for the right to use kibaco.   2. The teacher in charge of class will be registered to the class course based on the timetable and syllabus. If only the main teacher is listed in the timetable and syllabus, or if the teacher is listed as 'all teachers' (no names of the teachers), not all teachers may be registered in the course. Also, if the part-time teacher is the primary teacher, the full-time teacher will not be automatically registered in the course on the system specifications.   3. Only the year when part-time teacher is changed to full-time teacer may not be registered automatically.     For the cases where teachers are not registered described as 2. and 3, see  here ."""
I would like to register myself in the class,Registration,A046,"Teachers who are not listed as a person in charge in the timetable, such as a new teacher, may not have created a user ID for the educational research information system or may not be registered in the course of their course. Even if the teacher in charge changes, that change is not automatically reflected in kibaco, so it may not be registered for the course of the subject in charge."
Not registered on kibaco.,Registration,A046,"Teachers who are not listed as a person in charge in the timetable, such as a new teacher, may not have created a user ID for the educational research information system or may not be registered in the course of their course. Even if the teacher in charge changes, that change is not automatically reflected in kibaco, so it may not be registered for the course of the subject in charge."
Students who have registered for the class say that there is no tab for the class.,Registration,A051,"If you cannot see the course, please check the following points.   1. Make sure that you are enrolled in the course corresponding to the subject. Usually, you are registered for the course once you applied for the registration.   2. There is a case that there is a class tab in '-continued-' at the top of the screen. You can change the order and number of tabs displayed here. For teachers, see the 'Sort the order of the displayed lesson tabs' and 'set the number of displayed lesson tabs' in the 'screen setting function' section of  the manual for Teacher  or  the manual for Student .   3. Check if 'Class not displayed on tab' is set in 'Display Settings'. If it is set"
"I'm no longer in charge of class, so I want to unregister.",Registration,A049,"The changes about any class information are not reflected to kibaco as it is based on the information for about one month after starting the new semester. If you are no longer in charge of class, you will need to cancel your registration. To cancel registration, send an application email (subject name, class number, name of teacher to cancel, system ID for education and research of teacher to cancel) to the system management room 2 (replace ● with an at-mark of e-learning-ml ● ml.tmu.ac.jp) It is necessary to send the information system ID for education and research from the main teacher, or send it to the CC."
I'm in charge of the class but I'm not registered to the class.,Registration,A046,"Teachers who are not listed as a person in charge in the timetable, such as a new teacher, may not have created a user ID for the educational research information system or may not be registered in the course of their course. Even if the teacher in charge changes, that change is not automatically reflected in kibaco, so it may not be registered for the course of the subject in charge."
No students have been registered for the subject in charge. When will the students who are taking classes be registered?,Registration,A053,"The results of applying for the course will be reflected in kibaco at 5-6 o'clock in the morning. If you apply for the course on the day of the class, it will be reflected the next morning.   In addition, there are subjects that are not displayed in the kibaco timetable, so check the results of the course application with CAMPUS SQUARE instead of kibaco."
I logged in to kibaco but the subjects are not displayed.,Registration,A051,"If you cannot see the course, please check the following points.   1. Make sure that you are enrolled in the course corresponding to the subject. Usually, you are registered for the course once you applied for the registration.   2. There is a case that there is a class tab in '-continued-' at the top of the screen. You can change the order and number of tabs displayed here. For teachers, see the 'Sort the order of the displayed lesson tabs' and 'set the number of displayed lesson tabs' in the 'screen setting function' section of  the manual for Teacher  or  the manual for Student .   3. Check if 'Class not displayed on tab' is set in 'Display Settings'. If it is set"
A research student has not been registered for the course.,Registration,A052,"For students who have applied for the course, the course status of the 'Class Information' function will be displayed as 'Full Registration'. On the other hand, if the teacher manually registers the student or if the student is registered for the course by self-registration, 'provisional registration' is displayed. You can use the kibaco course even for provisionally registration, but you cannot earn credits if you do not apply separately.   In the following cases, students will remain tentatively registered.   1. Non-regular students such as course students and research students. If it is necessary to change the display to this registration, from the teacher in charge of office work or classes such as the education affairs division or the international affairs division system management room 2 (replace ● with an at-mark of e-learning-ml ● ml.tmu.tc.jp).   2. If you create a course on kibaco that is not registered in the clerical information system.     When registering a student as a 'TA/Tutor', give 'TA/Tutor' authority when registering a student in 'Register Students or TA' of 'Class Information' function. Details are  pages 31 ~ 33 of the manual for Teacher . The materials need to be prepared by the teacher."""
I cannot see the classes I have taken on kibaco.,Registration,A051,"If you cannot see the course, please check the following points.   1. Make sure that you are enrolled in the course corresponding to the subject. Usually, you are registered for the course once you applied for the registration.   2. There is a case that there is a class tab in '-continued-' at the top of the screen. You can change the order and number of tabs displayed here. For teachers, see the 'Sort the order of the displayed lesson tabs' and 'set the number of displayed lesson tabs' in the 'screen setting function' section of  the manual for Teacher  or  the manual for Student .   3. Check if 'Class not displayed on tab' is set in 'Display Settings'. If it is set"
Students who registered for the course are not registered for the kibaco course.,Registration,A053,"The results of applying for the course will be reflected in kibaco at 5-6 o'clock in the morning. If you apply for the course on the day of the class, it will be reflected the next morning.   In addition, there are subjects that are not displayed in the kibaco timetable, so check the results of the course application with CAMPUS SQUARE instead of kibaco."
"The registered student has been tentatively registered, is there any difference from this registration?",Registration,A052,"For students who have applied for the course, the course status of the 'Class Information' function will be displayed as 'Full Registration'. On the other hand, if the teacher manually registers the student or if the student is registered for the course by self-registration, 'provisional registration' is displayed. You can use the kibaco course even for provisionally registration, but you cannot earn credits if you do not apply separately.   In the following cases, students will remain tentatively registered.   1. Non-regular students such as course students and research students. If it is necessary to change the display to this registration, from the teacher in charge of office work or classes such as the education affairs division or the international affairs division system management room 2 (replace ● with an at-mark of e-learning-ml ● ml.tmu.tc.jp).   2. If you create a course on kibaco that is not registered in the clerical information system.     When registering a student as a 'TA/Tutor', give 'TA/Tutor' authority when registering a student in 'Register Students or TA' of 'Class Information' function. Details are  pages 31 ~ 33 of the manual for Teacher . The materials need to be prepared by the teacher."""
Not associated with the class in charge,Registration,A046,"Teachers who are not listed as a person in charge in the timetable, such as a new teacher, may not have created a user ID for the educational research information system or may not be registered in the course of their course. Even if the teacher in charge changes, that change is not automatically reflected in kibaco, so it may not be registered for the course of the subject in charge."
I would like to know how to cancel the registration of secondary courses,Registration,A056,"If you apply for a course that you have self-registered, withdrawal from the course application will cancel your registration from the course. In addition, if you do not apply for courses you have registered for self-registration, you can cancel your self-registration by yourself. However, if the teacher in charge of the class consolidates the courses and the self-registered course is a secondary course, the course application will not be canceled even if the course application is withdrawn. If you need to cancel the registration, please contact the system administration room 2 (replace ● with an at-mark of e-learning-ml ● ml.tmu.ac.jp)."
The student tried to self-register for the subject but could not self-register for some subjects.,Registration,A055,"By enrolling students in courses that correspond to the subjects, students can gain access to the courses even before applying for courses. One of the registration methods is to allow students to self-registration and make them do it for the course. The teacher in charge of each class can set whether or not to self-register for the course. Even if the student wants to self-register, he/she cannot do self-registration unless the teacher in charge of the class sets it. In addition, first-year undergraduate students cannot use kibaco until they take an information ethics class in the first class of the Information Literacy Practice I/IA. For details, see  page 34 of the manual for Teacher ."""
"I am currently work for TMU as a part-time lecturer, but do I have to apply right to use kibaco for the next year?",Registration,A048,"Part-time teachers can also use kibaco. In order to use kibaco, please acquire the user ID of 'Information System for Education and Research' and apply for the right to use kibaco. For part-time teachers, application for course registration is required for each course each year."
Is it necessary to apply to use kibaco?,Registration,A047,"Please note the following three points when using kibaco.     1. In order to use kibaco, you first need to acquire the ID of 'Information System for Education and Research'. Please apply for the right to use kibaco when you apply for ID acquisition. In addition, teachers who have already acquired an ID may not have acquired the right to use kibaco. In this case, please apply for the right to use kibaco.   2. The teacher in charge of class will be registered to the class course based on the timetable and syllabus. If only the main teacher is listed in the timetable and syllabus, or if the teacher is listed as 'all teachers' (no names of the teachers), not all teachers may be registered in the course. Also, if the part-time teacher is the primary teacher, the full-time teacher will not be automatically registered in the course on the system specifications.   3. Only the year when part-time teacher is changed to full-time teacer may not be registered automatically.     For the cases where teachers are not registered described as 2. and 3, see  here ."""
I cannot register myself,Registration,A055,"By enrolling students in courses that correspond to the subjects, students can gain access to the courses even before applying for courses. One of the registration methods is to allow students to self-registration and make them do it for the course. The teacher in charge of each class can set whether or not to self-register for the course. Even if the student wants to self-register, he/she cannot do self-registration unless the teacher in charge of the class sets it. In addition, first-year undergraduate students cannot use kibaco until they take an information ethics class in the first class of the Information Literacy Practice I/IA. For details, see  page 34 of the manual for Teacher ."""
I want to add teachers to my class at kibaco.,Registration,A047,"Please note the following three points when using kibaco.     1. In order to use kibaco, you first need to acquire the ID of 'Information System for Education and Research'. Please apply for the right to use kibaco when you apply for ID acquisition. In addition, teachers who have already acquired an ID may not have acquired the right to use kibaco. In this case, please apply for the right to use kibaco.   2. The teacher in charge of class will be registered to the class course based on the timetable and syllabus. If only the main teacher is listed in the timetable and syllabus, or if the teacher is listed as 'all teachers' (no names of the teachers), not all teachers may be registered in the course. Also, if the part-time teacher is the primary teacher, the full-time teacher will not be automatically registered in the course on the system specifications.   3. Only the year when part-time teacher is changed to full-time teacer may not be registered automatically.     For the cases where teachers are not registered described as 2. and 3, see  here ."""
There is no class,Registration,A051,"If you cannot see the course, please check the following points.   1. Make sure that you are enrolled in the course corresponding to the subject. Usually, you are registered for the course once you applied for the registration.   2. There is a case that there is a class tab in '-continued-' at the top of the screen. You can change the order and number of tabs displayed here. For teachers, see the 'Sort the order of the displayed lesson tabs' and 'set the number of displayed lesson tabs' in the 'screen setting function' section of  the manual for Teacher  or  the manual for Student .   3. Check if 'Class not displayed on tab' is set in 'Display Settings'. If it is set"
The subject has not been registered in kibaco and it will not be displayed on timetable.,Registration,A051,"If you cannot see the course, please check the following points.   1. Make sure that you are enrolled in the course corresponding to the subject. Usually, you are registered for the course once you applied for the registration.   2. There is a case that there is a class tab in '-continued-' at the top of the screen. You can change the order and number of tabs displayed here. For teachers, see the 'Sort the order of the displayed lesson tabs' and 'set the number of displayed lesson tabs' in the 'screen setting function' section of  the manual for Teacher  or  the manual for Student .   3. Check if 'Class not displayed on tab' is set in 'Display Settings'. If it is set"
I would like to cancel the registration from the subject I self-registered.,Registration,A056,"If you apply for a course that you have self-registered, withdrawal from the course application will cancel your registration from the course. In addition, if you do not apply for courses you have registered for self-registration, you can cancel your self-registration by yourself. However, if the teacher in charge of the class consolidates the courses and the self-registered course is a secondary course, the course application will not be canceled even if the course application is withdrawn. If you need to cancel the registration, please contact the system administration room 2 (replace ● with an at-mark of e-learning-ml ● ml.tmu.ac.jp)."
"I registered for a certain class with kibaco and then registered for the class at Campus Square. Despite having canceled registration for the class at a later date, the binding on kibaco has not been released. It can not be canceled. ",Registration,A056,"If you apply for a course that you have self-registered, withdrawal from the course application will cancel your registration from the course. In addition, if you do not apply for courses you have registered for self-registration, you can cancel your self-registration by yourself. However, if the teacher in charge of the class consolidates the courses and the self-registered course is a secondary course, the course application will not be canceled even if the course application is withdrawn. If you need to cancel the registration, please contact the system administration room 2 (replace ● with an at-mark of e-learning-ml ● ml.tmu.ac.jp)."
"I have had a part-time teacher register for this year's class course, but do I have to apply for the same one in the next fiscal year?",Registration,A048,"Part-time teachers can also use kibaco. In order to use kibaco, please acquire the user ID of 'Information System for Education and Research' and apply for the right to use kibaco. For part-time teachers, application for course registration is required for each course each year."
When will students be enrolled in kibaco?,Registration,A053,"The results of applying for the course will be reflected in kibaco at 5-6 o'clock in the morning. If you apply for the course on the day of the class, it will be reflected the next morning.   In addition, there are subjects that are not displayed in the kibaco timetable, so check the results of the course application with CAMPUS SQUARE instead of kibaco."
I want to know how to proceed because I'm out of my charge.,Registration,A049,"The changes about any class information are not reflected to kibaco as it is based on the information for about one month after starting the new semester. If you are no longer in charge of class, you will need to cancel your registration. To cancel registration, send an application email (subject name, class number, name of teacher to cancel, system ID for education and research of teacher to cancel) to the system management room 2 (replace ● with an at-mark of e-learning-ml ● ml.tmu.ac.jp) It is necessary to send the information system ID for education and research from the main teacher, or send it to the CC."
I am tentatively registered student but I want to withdraw.,Registration,A054,"If a provisionally registered student applies for a course, it will be changed to full registration the next day. If a provisionally registered student does not apply for the course, it will remain provisionally registered even after the course application period. Class teachers can unregister students from the course for provisionally registration. However, in the following cases, students are still provisionally registered even if they have applied for the course.   1. Non-regular students such as course students and research students. If it is necessary to change the display to this registration, the teacher in charge of the class or office workers of the education affairs division or the international affairs division contacts system management room 2 (replace ● with an at-mark of e-learning-ml ● ml.tmu.ac.jp).   2. If you create a course on kibaco that is not registered in the clerical information system.   Students who are officially registered will be canceled from the course only if the students withdraw from the course application."
How should we do if research students want to use kibaco?,Registration,A050,"Even if you are not a regular student, you can use kibaco if you have been issued a User ID for 'Information System for Educational Research'. If you are a research student or special course student, and you have not acquired this user ID, please apply first. In addition, the teacher in charge of the class may apply for the class ID and may use the issued ID for the audience and subjects who have taken courses."
Can the teacher delete a student who has been temporarily registered?,Registration,A054,"If a provisionally registered student applies for a course, it will be changed to full registration the next day. If a provisionally registered student does not apply for the course, it will remain provisionally registered even after the course application period. Class teachers can unregister students from the course for provisionally registration. However, in the following cases, students are still provisionally registered even if they have applied for the course.   1. Non-regular students such as course students and research students. If it is necessary to change the display to this registration, the teacher in charge of the class or office workers of the education affairs division or the international affairs division contacts system management room 2 (replace ● with an at-mark of e-learning-ml ● ml.tmu.ac.jp).   2. If you create a course on kibaco that is not registered in the clerical information system.   Students who are officially registered will be canceled from the course only if the students withdraw from the course application."
Students who were allowed to self-register but who did not register for the course are still provisionally registered. Are there any problems with deleting students?,Registration,A056,"If you apply for a course that you have self-registered, withdrawal from the course application will cancel your registration from the course. In addition, if you do not apply for courses you have registered for self-registration, you can cancel your self-registration by yourself. However, if the teacher in charge of the class consolidates the courses and the self-registered course is a secondary course, the course application will not be canceled even if the course application is withdrawn. If you need to cancel the registration, please contact the system administration room 2 (replace ● with an at-mark of e-learning-ml ● ml.tmu.ac.jp)."
Are students who have been provisionally enrolled in the kibaco course will not be erased as provisionally registered even after the course application period is over?,Registration,A054,"If a provisionally registered student applies for a course, it will be changed to full registration the next day. If a provisionally registered student does not apply for the course, it will remain provisionally registered even after the course application period. Class teachers can unregister students from the course for provisionally registration. However, in the following cases, students are still provisionally registered even if they have applied for the course.   1. Non-regular students such as course students and research students. If it is necessary to change the display to this registration, the teacher in charge of the class or office workers of the education affairs division or the international affairs division contacts system management room 2 (replace ● with an at-mark of e-learning-ml ● ml.tmu.ac.jp).   2. If you create a course on kibaco that is not registered in the clerical information system.   Students who are officially registered will be canceled from the course only if the students withdraw from the course application."
Several students are not connected to class.,Registration,A052,"For students who have applied for the course, the course status of the 'Class Information' function will be displayed as 'Full Registration'. On the other hand, if the teacher manually registers the student or if the student is registered for the course by self-registration, 'provisional registration' is displayed. You can use the kibaco course even for provisionally registration, but you cannot earn credits if you do not apply separately.   In the following cases, students will remain tentatively registered.   1. Non-regular students such as course students and research students. If it is necessary to change the display to this registration, from the teacher in charge of office work or classes such as the education affairs division or the international affairs division system management room 2 (replace ● with an at-mark of e-learning-ml ● ml.tmu.tc.jp).   2. If you create a course on kibaco that is not registered in the clerical information system.     When registering a student as a 'TA/Tutor', give 'TA/Tutor' authority when registering a student in 'Register Students or TA' of 'Class Information' function. Details are  pages 31 ~ 33 of the manual for Teacher . The materials need to be prepared by the teacher."""
I would like to add students to the class at kibaco.,Registration,A052,"For students who have applied for the course, the course status of the 'Class Information' function will be displayed as 'Full Registration'. On the other hand, if the teacher manually registers the student or if the student is registered for the course by self-registration, 'provisional registration' is displayed. You can use the kibaco course even for provisionally registration, but you cannot earn credits if you do not apply separately.   In the following cases, students will remain tentatively registered.   1. Non-regular students such as course students and research students. If it is necessary to change the display to this registration, from the teacher in charge of office work or classes such as the education affairs division or the international affairs division system management room 2 (replace ● with an at-mark of e-learning-ml ● ml.tmu.tc.jp).   2. If you create a course on kibaco that is not registered in the clerical information system.     When registering a student as a 'TA/Tutor', give 'TA/Tutor' authority when registering a student in 'Register Students or TA' of 'Class Information' function. Details are  pages 31 ~ 33 of the manual for Teacher . The materials need to be prepared by the teacher."""
Account not created.,Registration,A046,"Teachers who are not listed as a person in charge in the timetable, such as a new teacher, may not have created a user ID for the educational research information system or may not be registered in the course of their course. Even if the teacher in charge changes, that change is not automatically reflected in kibaco, so it may not be registered for the course of the subject in charge."
When will the results of the class registering application be reflected in kibaco?,Registration,A053,"The results of applying for the course will be reflected in kibaco at 5-6 o'clock in the morning. If you apply for the course on the day of the class, it will be reflected the next morning.   In addition, there are subjects that are not displayed in the kibaco timetable, so check the results of the course application with CAMPUS SQUARE instead of kibaco."
I would like to cancel the course without registering it,Registration,A054,"If a provisionally registered student applies for a course, it will be changed to full registration the next day. If a provisionally registered student does not apply for the course, it will remain provisionally registered even after the course application period. Class teachers can unregister students from the course for provisionally registration. However, in the following cases, students are still provisionally registered even if they have applied for the course.   1. Non-regular students such as course students and research students. If it is necessary to change the display to this registration, the teacher in charge of the class or office workers of the education affairs division or the international affairs division contacts system management room 2 (replace ● with an at-mark of e-learning-ml ● ml.tmu.ac.jp).   2. If you create a course on kibaco that is not registered in the clerical information system.   Students who are officially registered will be canceled from the course only if the students withdraw from the course application."
"One student logged in to kibaco, but the registered course does not appear on the tab.",Registration,A051,"If you cannot see the course, please check the following points.   1. Make sure that you are enrolled in the course corresponding to the subject. Usually, you are registered for the course once you applied for the registration.   2. There is a case that there is a class tab in '-continued-' at the top of the screen. You can change the order and number of tabs displayed here. For teachers, see the 'Sort the order of the displayed lesson tabs' and 'set the number of displayed lesson tabs' in the 'screen setting function' section of  the manual for Teacher  or  the manual for Student .   3. Check if 'Class not displayed on tab' is set in 'Display Settings'. If it is set"
How do I register for a short stay international student?,Registration,A050,"Even if you are not a regular student, you can use kibaco if you have been issued a User ID for 'Information System for Educational Research'. If you are a research student or special course student, and you have not acquired this user ID, please apply first. In addition, the teacher in charge of the class may apply for the class ID and may use the issued ID for the audience and subjects who have taken courses."
I want students to have access to kibaco subjects before completing the course registration.,Registration,A055,"By enrolling students in courses that correspond to the subjects, students can gain access to the courses even before applying for courses. One of the registration methods is to allow students to self-registration and make them do it for the course. The teacher in charge of each class can set whether or not to self-register for the course. Even if the student wants to self-register, he/she cannot do self-registration unless the teacher in charge of the class sets it. In addition, first-year undergraduate students cannot use kibaco until they take an information ethics class in the first class of the Information Literacy Practice I/IA. For details, see  page 34 of the manual for Teacher ."""
What information do I need to contact a class manager for deregistration?,Registration,A049,"The changes about any class information are not reflected to kibaco as it is based on the information for about one month after starting the new semester. If you are no longer in charge of class, you will need to cancel your registration. To cancel registration, send an application email (subject name, class number, name of teacher to cancel, system ID for education and research of teacher to cancel) to the system management room 2 (replace ● with an at-mark of e-learning-ml ● ml.tmu.ac.jp) It is necessary to send the information system ID for education and research from the main teacher, or send it to the CC."
Not a regular student but can he/she use kibaco?,Registration,A050,"Even if you are not a regular student, you can use kibaco if you have been issued a User ID for 'Information System for Educational Research'. If you are a research student or special course student, and you have not acquired this user ID, please apply first. In addition, the teacher in charge of the class may apply for the class ID and may use the issued ID for the audience and subjects who have taken courses."
Do graduate students need to apply for additional rights to use kibaco?,Registration,A052,"For students who have applied for the course, the course status of the 'Class Information' function will be displayed as 'Full Registration'. On the other hand, if the teacher manually registers the student or if the student is registered for the course by self-registration, 'provisional registration' is displayed. You can use the kibaco course even for provisionally registration, but you cannot earn credits if you do not apply separately.   In the following cases, students will remain tentatively registered.   1. Non-regular students such as course students and research students. If it is necessary to change the display to this registration, from the teacher in charge of office work or classes such as the education affairs division or the international affairs division system management room 2 (replace ● with an at-mark of e-learning-ml ● ml.tmu.tc.jp).   2. If you create a course on kibaco that is not registered in the clerical information system.     When registering a student as a 'TA/Tutor', give 'TA/Tutor' authority when registering a student in 'Register Students or TA' of 'Class Information' function. Details are  pages 31 ~ 33 of the manual for Teacher . The materials need to be prepared by the teacher."""
I would like staff to be registered as teachers in the course.,Registration,A047,"Please note the following three points when using kibaco.     1. In order to use kibaco, you first need to acquire the ID of 'Information System for Education and Research'. Please apply for the right to use kibaco when you apply for ID acquisition. In addition, teachers who have already acquired an ID may not have acquired the right to use kibaco. In this case, please apply for the right to use kibaco.   2. The teacher in charge of class will be registered to the class course based on the timetable and syllabus. If only the main teacher is listed in the timetable and syllabus, or if the teacher is listed as 'all teachers' (no names of the teachers), not all teachers may be registered in the course. Also, if the part-time teacher is the primary teacher, the full-time teacher will not be automatically registered in the course on the system specifications.   3. Only the year when part-time teacher is changed to full-time teacer may not be registered automatically.     For the cases where teachers are not registered described as 2. and 3, see  here ."""
Can I apply for the right to use kibaco with the information system ID for education and research?,Registration,A047,"Please note the following three points when using kibaco.     1. In order to use kibaco, you first need to acquire the ID of 'Information System for Education and Research'. Please apply for the right to use kibaco when you apply for ID acquisition. In addition, teachers who have already acquired an ID may not have acquired the right to use kibaco. In this case, please apply for the right to use kibaco.   2. The teacher in charge of class will be registered to the class course based on the timetable and syllabus. If only the main teacher is listed in the timetable and syllabus, or if the teacher is listed as 'all teachers' (no names of the teachers), not all teachers may be registered in the course. Also, if the part-time teacher is the primary teacher, the full-time teacher will not be automatically registered in the course on the system specifications.   3. Only the year when part-time teacher is changed to full-time teacer may not be registered automatically.     For the cases where teachers are not registered described as 2. and 3, see  here ."""
Who can use kibaco?,Registration,A050,"Even if you are not a regular student, you can use kibaco if you have been issued a User ID for 'Information System for Educational Research'. If you are a research student or special course student, and you have not acquired this user ID, please apply first. In addition, the teacher in charge of the class may apply for the class ID and may use the issued ID for the audience and subjects who have taken courses."
I cannot cancel classes I do not register on kibaco.,Registration,A054,"If a provisionally registered student applies for a course, it will be changed to full registration the next day. If a provisionally registered student does not apply for the course, it will remain provisionally registered even after the course application period. Class teachers can unregister students from the course for provisionally registration. However, in the following cases, students are still provisionally registered even if they have applied for the course.   1. Non-regular students such as course students and research students. If it is necessary to change the display to this registration, the teacher in charge of the class or office workers of the education affairs division or the international affairs division contacts system management room 2 (replace ● with an at-mark of e-learning-ml ● ml.tmu.ac.jp).   2. If you create a course on kibaco that is not registered in the clerical information system.   Students who are officially registered will be canceled from the course only if the students withdraw from the course application."
I do not know if it is a secondary subject,Aggregation,A059,"When the subjects are consolidated, 'Subsidiary Classes' will be displayed in the courses of the secondary subjects other than the subjects specified as the main subject. In addition, only the teacher can access the course of the secondary subject, and the student cannot access it. Moreover, the teacher in charge of classes can also hide the tab of the secondary subject course."
I would like to put together classes at the same time with kibaco (I want to consolidate the subjects),Aggregation,A057,"In kibaco, a course (class tab) is created for each class number. Even if the courses are offered on the same day of the week, time limit, or classroom, the course is divided into multiple courses in the case that different course numbers are assigned depending on the year of entry or affiliation (undergraduate or graduate school). If you are teaching a course that is divided into multiple courses as essentially the same course, you can organize those courses by applying. This process of summarizing is called subject concentration. By consolidating the courses, you will be able to manage lesson materials, manage student scoring results, etc. with one designated main course. The processing applied to the main subject course is not reflected in the secondary subject course.     The teacher who wants to consolidate subjects see  here ."""
"The subject in charge is ""private class"". ",Aggregation,A059,"When the subjects are consolidated, 'Subsidiary Classes' will be displayed in the courses of the secondary subjects other than the subjects specified as the main subject. In addition, only the teacher can access the course of the secondary subject, and the student cannot access it. Moreover, the teacher in charge of classes can also hide the tab of the secondary subject course."
Please cancel the subject consolidation,Aggregation,A058,"If you consolidate the subjects, you cannot cancel them."
Please remove private classes,Aggregation,A058,"If you consolidate the subjects, you cannot cancel them."
"When enrolling in a self-registered course for a consolidated course, is it possible for students to accidentally register for or access a secondary course?",Aggregation,A061,"When subjects are consolidated, students who have been registered as minor subjects will also be automatically enrolled as main subjects. After the subjects are consolidated, they will access the main subjects only. In addition, since the secondary subjects will be hidden from the students after concentration, the students will not accidentally register or access the secondary subjects."
Are there any ways for teachers in charge of course consolidation?,Aggregation,A057,"In kibaco, a course (class tab) is created for each class number. Even if the courses are offered on the same day of the week, time limit, or classroom, the course is divided into multiple courses in the case that different course numbers are assigned depending on the year of entry or affiliation (undergraduate or graduate school). If you are teaching a course that is divided into multiple courses as essentially the same course, you can organize those courses by applying. This process of summarizing is called subject concentration. By consolidating the courses, you will be able to manage lesson materials, manage student scoring results, etc. with one designated main course. The processing applied to the main subject course is not reflected in the secondary subject course.     The teacher who wants to consolidate subjects see  here ."""
"There are multiple classes displayed on the same day of the week, what should I do?",Aggregation,A060,"At kibaco, a course will be created for each class number. Even if the courses are offered on the same day of the week, time limit, or class, the course is divided into multiple courses in the case that different class numbers are assigned depending on the year of admission or affiliation (undergraduate or graduate school). It is possible to combine the subjects into one."
"If I consolidate my subjects, it becomes private.",Aggregation,A059,"When the subjects are consolidated, 'Subsidiary Classes' will be displayed in the courses of the secondary subjects other than the subjects specified as the main subject. In addition, only the teacher can access the course of the secondary subject, and the student cannot access it. Moreover, the teacher in charge of classes can also hide the tab of the secondary subject course."
"If students use the self-registration function in a course with intensive courses, is it necessary to enable the self-registration function in addition to the main subject?",Aggregation,A061,"When subjects are consolidated, students who have been registered as minor subjects will also be automatically enrolled as main subjects. After the subjects are consolidated, they will access the main subjects only. In addition, since the secondary subjects will be hidden from the students after concentration, the students will not accidentally register or access the secondary subjects."
"When I registered as a teacher for a class course, there were two classes on the same day and the same time period.",Aggregation,A060,"At kibaco, a course will be created for each class number. Even if the courses are offered on the same day of the week, time limit, or class, the course is divided into multiple courses in the case that different class numbers are assigned depending on the year of admission or affiliation (undergraduate or graduate school). It is possible to combine the subjects into one."
Multiple classes are displayed on the exact same date and time.,Aggregation,A060,"At kibaco, a course will be created for each class number. Even if the courses are offered on the same day of the week, time limit, or class, the course is divided into multiple courses in the case that different class numbers are assigned depending on the year of admission or affiliation (undergraduate or graduate school). It is possible to combine the subjects into one."
Please tell me how to apply for intensive subjects,Aggregation,A057,"In kibaco, a course (class tab) is created for each class number. Even if the courses are offered on the same day of the week, time limit, or classroom, the course is divided into multiple courses in the case that different course numbers are assigned depending on the year of entry or affiliation (undergraduate or graduate school). If you are teaching a course that is divided into multiple courses as essentially the same course, you can organize those courses by applying. This process of summarizing is called subject concentration. By consolidating the courses, you will be able to manage lesson materials, manage student scoring results, etc. with one designated main course. The processing applied to the main subject course is not reflected in the secondary subject course.     The teacher who wants to consolidate subjects see  here ."""
What happens if the students are self-registering in the secondary subjects when the subjects are aggregated?,Aggregation,A061,"When subjects are consolidated, students who have been registered as minor subjects will also be automatically enrolled as main subjects. After the subjects are consolidated, they will access the main subjects only. In addition, since the secondary subjects will be hidden from the students after concentration, the students will not accidentally register or access the secondary subjects."
Please cancel intensive courses,Aggregation,A058,"If you consolidate the subjects, you cannot cancel them."
Please restore aggregated lessons,Aggregation,A058,"If you consolidate the subjects, you cannot cancel them."
I want to combine multiple tabs into one.,Aggregation,A057,"In kibaco, a course (class tab) is created for each class number. Even if the courses are offered on the same day of the week, time limit, or classroom, the course is divided into multiple courses in the case that different course numbers are assigned depending on the year of entry or affiliation (undergraduate or graduate school). If you are teaching a course that is divided into multiple courses as essentially the same course, you can organize those courses by applying. This process of summarizing is called subject concentration. By consolidating the courses, you will be able to manage lesson materials, manage student scoring results, etc. with one designated main course. The processing applied to the main subject course is not reflected in the secondary subject course.     The teacher who wants to consolidate subjects see  here ."""
Does kibaco not have the ability to record student attendance?,Login,A063,There is no attendance management function in kibaco. You can make a pseudo attendance check by creating a topic on the bulletin board or creating an assignment for attendance management.
I want to get attendance information automatically,Login,A063,There is no attendance management function in kibaco. You can make a pseudo attendance check by creating a topic on the bulletin board or creating an assignment for attendance management.
"I am a student at Hino Campus, but I want to use kibako though I forgot my user ID and password.",Login,A062,"First, if you cannot use kibaco because your password has expired, you can set a new password on TMUNER within two weeks after the suspension. From 'User Menu Login' on  TMUNER "
I do not know the ID and password.,Login,A062,"First, if you cannot use kibaco because your password has expired, you can set a new password on TMUNER within two weeks after the suspension. From 'User Menu Login' on  TMUNER "
I want to reset my login password,Login,A062,"First, if you cannot use kibaco because your password has expired, you can set a new password on TMUNER within two weeks after the suspension. From 'User Menu Login' on  TMUNER "
"I forgot my kibaco login password, so I want to reissue my password.",Login,A062,"First, if you cannot use kibaco because your password has expired, you can set a new password on TMUNER within two weeks after the suspension. From 'User Menu Login' on  TMUNER "
I want to check student attendance by using kibaco during class.,Login,A063,There is no attendance management function in kibaco. You can make a pseudo attendance check by creating a topic on the bulletin board or creating an assignment for attendance management.
Can we communicate information only to certain students?,Contact,A065,"By using the message function, you can send a message to students including provisionally registration in a way such as all students, only specified groups, or only specified (multiple) students. The message is sent and received within kibaco, so if you want to send the message as an e-mail, you need to check 'Send as e-mail.' For details, see  pages 119 ~ 122 of the manual for Teacher ."""
Does the bulletin board have a notification function?,Contact,A069,Users who have set 'watch' in the bulletin board menu can notify themselves of writing to the bulletin board.
Can students create threads?,Contact,A070,"By default, students can also create new threads on bulletin board. If creation is not possible, the permissions may have been changed."
I want to be notified by email when a student writes something.,Contact,A069,Users who have set 'watch' in the bulletin board menu can notify themselves of writing to the bulletin board.
The message function does not appear on the screen,Contact,A066,"The message function is hidden by default. The procedure for using this function is described in  pages 26 to 27 of the manual for Teacher  (Described in '2. Add/delete functions' in 'Class Information Function')."""
Can email be sent to provisionally registered students?,Contact,A064,"There are five ways to communicate information to all students: 'notice', 'bulletin board', 'message', 'class information', and 'wiki.' For the first two functions, a disclosure period can be set to convey information such as cancellation information. In addition, teachers, TAs and students (including provisionally registrations) can be notified by contacting all participants. If you set the option to notify as e-mail, you can notify as e-mail. Information on how to receive classes can use 'class information' and 'wiki'. There are three functions that the students can use to communicate information to the whole class: 'bulletin board', 'message' and 'wiki.' Details of the instruction manual for the bulletin board are  pages 85-89 of the manual for Teacher "
I want to send it to the student's internal e-mail.,Contact,A065,"By using the message function, you can send a message to students including provisionally registration in a way such as all students, only specified groups, or only specified (multiple) students. The message is sent and received within kibaco, so if you want to send the message as an e-mail, you need to check 'Send as e-mail.' For details, see  pages 119 ~ 122 of the manual for Teacher ."""
"How can I prevent the students from seeing the ""notices"" of the first semester subjects? ",Contact,A068,"Only users registered in the course can view the notice. If you set the usage period in the 'Display days limit,' students cannot view the notice before or after the period. The details are  pages 41 ~ 44 of the manual for Teacher ."""
Are there any ways to communicate with everyone in the class?,Contact,A064,"There are five ways to communicate information to all students: 'notice', 'bulletin board', 'message', 'class information', and 'wiki.' For the first two functions, a disclosure period can be set to convey information such as cancellation information. In addition, teachers, TAs and students (including provisionally registrations) can be notified by contacting all participants. If you set the option to notify as e-mail, you can notify as e-mail. Information on how to receive classes can use 'class information' and 'wiki'. There are three functions that the students can use to communicate information to the whole class: 'bulletin board', 'message' and 'wiki.' Details of the instruction manual for the bulletin board are  pages 85-89 of the manual for Teacher "
I want to know what was written on the bulletin board but what should I do?,Contact,A069,Users who have set 'watch' in the bulletin board menu can notify themselves of writing to the bulletin board.
Can I send mail only to designated students?,Contact,A065,"By using the message function, you can send a message to students including provisionally registration in a way such as all students, only specified groups, or only specified (multiple) students. The message is sent and received within kibaco, so if you want to send the message as an e-mail, you need to check 'Send as e-mail.' For details, see  pages 119 ~ 122 of the manual for Teacher ."""
Can a new thread on the kibaco bulletin board be created with a student account?,Contact,A070,"By default, students can also create new threads on bulletin board. If creation is not possible, the permissions may have been changed."
Is there a facility for everyone to discuss a topic?,Contact,A070,"By default, students can also create new threads on bulletin board. If creation is not possible, the permissions may have been changed."
Can people other than the student registered the class also view the content of the bulletin board?,Contact,A071,"Only users registered in the course can read and write to the bulletin board. Details are  pages 85 to 89 of the manual for Teacher ."""
I want to be notified when something is written,Contact,A069,Users who have set 'watch' in the bulletin board menu can notify themselves of writing to the bulletin board.
I want to use the message function but can not find the function.,Contact,A066,"The message function is hidden by default. The procedure for using this function is described in  pages 26 to 27 of the manual for Teacher  (Described in '2. Add/delete functions' in 'Class Information Function')."""
What kind of method is good to convey cancellation information to students?,Contact,A064,"There are five ways to communicate information to all students: 'notice', 'bulletin board', 'message', 'class information', and 'wiki.' For the first two functions, a disclosure period can be set to convey information such as cancellation information. In addition, teachers, TAs and students (including provisionally registrations) can be notified by contacting all participants. If you set the option to notify as e-mail, you can notify as e-mail. Information on how to receive classes can use 'class information' and 'wiki'. There are three functions that the students can use to communicate information to the whole class: 'bulletin board', 'message' and 'wiki.' Details of the instruction manual for the bulletin board are  pages 85-89 of the manual for Teacher "
Is there a way to communicate with all students in a student account other than the bulletin board?,Contact,A064,"There are five ways to communicate information to all students: 'notice', 'bulletin board', 'message', 'class information', and 'wiki.' For the first two functions, a disclosure period can be set to convey information such as cancellation information. In addition, teachers, TAs and students (including provisionally registrations) can be notified by contacting all participants. If you set the option to notify as e-mail, you can notify as e-mail. Information on how to receive classes can use 'class information' and 'wiki'. There are three functions that the students can use to communicate information to the whole class: 'bulletin board', 'message' and 'wiki.' Details of the instruction manual for the bulletin board are  pages 85-89 of the manual for Teacher "
Who has thread creation authority?,Contact,A070,"By default, students can also create new threads on bulletin board. If creation is not possible, the permissions may have been changed."
Please let me know how to contact students in kibaco.,Contact,A064,"There are five ways to communicate information to all students: 'notice', 'bulletin board', 'message', 'class information', and 'wiki.' For the first two functions, a disclosure period can be set to convey information such as cancellation information. In addition, teachers, TAs and students (including provisionally registrations) can be notified by contacting all participants. If you set the option to notify as e-mail, you can notify as e-mail. Information on how to receive classes can use 'class information' and 'wiki'. There are three functions that the students can use to communicate information to the whole class: 'bulletin board', 'message' and 'wiki.' Details of the instruction manual for the bulletin board are  pages 85-89 of the manual for Teacher "
Can I email the students when I create an announcement?,Contact,A064,"There are five ways to communicate information to all students: 'notice', 'bulletin board', 'message', 'class information', and 'wiki.' For the first two functions, a disclosure period can be set to convey information such as cancellation information. In addition, teachers, TAs and students (including provisionally registrations) can be notified by contacting all participants. If you set the option to notify as e-mail, you can notify as e-mail. Information on how to receive classes can use 'class information' and 'wiki'. There are three functions that the students can use to communicate information to the whole class: 'bulletin board', 'message' and 'wiki.' Details of the instruction manual for the bulletin board are  pages 85-89 of the manual for Teacher "
Can anyone freely write to the bulletin board?,Contact,A071,"Only users registered in the course can read and write to the bulletin board. Details are  pages 85 to 89 of the manual for Teacher ."""
Can I notify students that I wrote on the bulletin board?,Contact,A069,Users who have set 'watch' in the bulletin board menu can notify themselves of writing to the bulletin board.
Can the content exchanged with students in the message function be viewed by other teachers?,Contact,A067,"Messages will only be exchanged within kibaco unless 'Send as email' is checked. Even if 'Send as E-mail' is checked, email address information will not be leaked to anyone other than the recipient. Even if you send a message in a batch, it is possible for only students and teachers registered for the corse to receive the message. Thus, students who have not taken this course or teachers who have not registered cannot view the content. When sending a message to multiple students as an email, the email addresses of other students will be displayed. You can create a group of students you want to send, and send the message to that group. If a teacher sends a message to the group, only the name of the group is displayed excluding the individual email addresses of the recipients, so it is possible to prevent email address information disclosure among students."
I would like to send a message to each student but not send it by email.,Contact,A065,"By using the message function, you can send a message to students including provisionally registration in a way such as all students, only specified groups, or only specified (multiple) students. The message is sent and received within kibaco, so if you want to send the message as an e-mail, you need to check 'Send as e-mail.' For details, see  pages 119 ~ 122 of the manual for Teacher ."""
Can students who are not enrolled in the subject can view the notice?,Contact,A068,"Only users registered in the course can view the notice. If you set the usage period in the 'Display days limit,' students cannot view the notice before or after the period. The details are  pages 41 ~ 44 of the manual for Teacher ."""
"I tried to use the ""message"" function to ""students"" and tried to send an email, but I can not find the ""message"" function written in the manual. ",Contact,A066,"The message function is hidden by default. The procedure for using this function is described in  pages 26 to 27 of the manual for Teacher  (Described in '2. Add/delete functions' in 'Class Information Function')."""
"The teacher instructed me to submit the submission via kibaco, but I can not find the message function.",Contact,A066,"The message function is hidden by default. The procedure for using this function is described in  pages 26 to 27 of the manual for Teacher  (Described in '2. Add/delete functions' in 'Class Information Function')."""
"When sending a message to multiple students, I want to send it in a state where the students don't know who was sent to me other than myself.",Contact,A067,"Messages will only be exchanged within kibaco unless 'Send as email' is checked. Even if 'Send as E-mail' is checked, email address information will not be leaked to anyone other than the recipient. Even if you send a message in a batch, it is possible for only students and teachers registered for the corse to receive the message. Thus, students who have not taken this course or teachers who have not registered cannot view the content. When sending a message to multiple students as an email, the email addresses of other students will be displayed. You can create a group of students you want to send, and send the message to that group. If a teacher sends a message to the group, only the name of the group is displayed excluding the individual email addresses of the recipients, so it is possible to prevent email address information disclosure among students."
Who can read/write the contents of the bulletin board other than the teacher and the student?,Contact,A071,"Only users registered in the course can read and write to the bulletin board. Details are  pages 85 to 89 of the manual for Teacher ."""
I want to contact Gmail.,Students,A074,The email address registered on kibaco is limited to those issued by the university.
"E-mail will be sent when the assignment is submitted, but it will be annoying because it will be sent one by one. Can it be turned off in the settings?",Students,A072,The teacher in charge of each class sets the presence or absence of notification and reminding. Please consult your class teacher. Note that nobody can change the settings because kibaco automatically sends an email when you submit an assignment.
Notice is loud.,Students,A072,The teacher in charge of each class sets the presence or absence of notification and reminding. Please consult your class teacher. Note that nobody can change the settings because kibaco automatically sends an email when you submit an assignment.
Students who are in the master's course cannot see the class.,Students,A073,"If a graduate student performs self-registration, it is necessary to use a new study number issued after entering the graduated university."
Can I register with my previous study number?,Students,A073,"If a graduate student performs self-registration, it is necessary to use a new study number issued after entering the graduated university."
I want to be set not to receive reminders of issues.,Students,A072,The teacher in charge of each class sets the presence or absence of notification and reminding. Please consult your class teacher. Note that nobody can change the settings because kibaco automatically sends an email when you submit an assignment.
I want to set it to notify Yahoo! Mail.,Students,A074,The email address registered on kibaco is limited to those issued by the university.
"I would like to register a student who went from university to graduated university as a student in the course, but even if the student logs in, the course is not displayed on the timetable or tab.",Students,A073,"If a graduate student performs self-registration, it is necessary to use a new study number issued after entering the graduated university."
I would like to change the class notification address to a personally owned address.,Students,A074,The email address registered on kibaco is limited to those issued by the university.
I do not want to receive notification emails,Students,A072,The teacher in charge of each class sets the presence or absence of notification and reminding. Please consult your class teacher. Note that nobody can change the settings because kibaco automatically sends an email when you submit an assignment.
Can I register with my undergraduate study number?,Students,A073,"If a graduate student performs self-registration, it is necessary to use a new study number issued after entering the graduated university."
Can a teacher see the log?,Basic Usage,A078,"You cannot see the system log. If there are special circumstances, please contact the system administration room 2 (replace ● with an at-mark of e-learning-ml ● ml.tmu.ac.jp)."
Can the teacher confirm the log of the resubmission of the assignment?,Basic Usage,A078,"You cannot see the system log. If there are special circumstances, please contact the system administration room 2 (replace ● with an at-mark of e-learning-ml ● ml.tmu.ac.jp)."
Which OS should I use?,Basic Usage,A079,"Please use Windows 7 ~ 10 and Mac OS X 10.8.5 as the OS.   Please use a browser from IE10 or later for Windows 7 ~ 10, Microsoft Edge, Firefox 24 or later, Chrome, Safari 6.1.6 for Mac OS, Firefox 24 or later, or Chrome.   In addition, there are some functions that cannot be used in IE (touch IE) started from the tile of the start screen of Windows 8."
I want to display the contents of the previous year's class.,Basic Usage,A075,"If the school year changes, the class tab of the previous shool year's course will be hidden, but you can access it from the class list on My Page. In addition, display/non-display of the class tab can be set for each user. The details are  pages 12~16 of the manual for Teacher  or  pages 11~15 of the manual for Student ."""
Can I upload documents from home?,Basic Usage,A077,"If you can connect to the Internet, you can use kibaco in places other than our university. All features of kibaco are available. For details, see  page 6 of the manual for Teacher  or  page 5 of the manual for Student ."""
I want to see the student's behavior history,Basic Usage,A078,"You cannot see the system log. If there are special circumstances, please contact the system administration room 2 (replace ● with an at-mark of e-learning-ml ● ml.tmu.ac.jp)."
The last year's class tab has disappeared.,Basic Usage,A075,"If the school year changes, the class tab of the previous shool year's course will be hidden, but you can access it from the class list on My Page. In addition, display/non-display of the class tab can be set for each user. The details are  pages 12~16 of the manual for Teacher  or  pages 11~15 of the manual for Student ."""
Which PC should I use?,Basic Usage,A079,"Please use Windows 7 ~ 10 and Mac OS X 10.8.5 as the OS.   Please use a browser from IE10 or later for Windows 7 ~ 10, Microsoft Edge, Firefox 24 or later, Chrome, Safari 6.1.6 for Mac OS, Firefox 24 or later, or Chrome.   In addition, there are some functions that cannot be used in IE (touch IE) started from the tile of the start screen of Windows 8."
Can I browse the class materials from other than Tokyo Metropolitan University?,Basic Usage,A077,"If you can connect to the Internet, you can use kibaco in places other than our university. All features of kibaco are available. For details, see  page 6 of the manual for Teacher  or  page 5 of the manual for Student ."""
I want to see the log,Basic Usage,A078,"You cannot see the system log. If there are special circumstances, please contact the system administration room 2 (replace ● with an at-mark of e-learning-ml ● ml.tmu.ac.jp)."
Can it be used outside the university?,Basic Usage,A077,"If you can connect to the Internet, you can use kibaco in places other than our university. All features of kibaco are available. For details, see  page 6 of the manual for Teacher  or  page 5 of the manual for Student ."""
Can't create a class wiki?,Basic Usage,A076,"There is an 'edit function' button in 'Class Information' of the class course. By putting a check for each button in the list, functions such as 'wiki', 'document search', and 'schedule' become available. Unnecessary functions can be hidden by unchecking them. For details, see  pages from 106 to 112 of the manual for Teacher ."""
I want to hide functions I do not use.,Basic Usage,A076,"There is an 'edit function' button in 'Class Information' of the class course. By putting a check for each button in the list, functions such as 'wiki', 'document search', and 'schedule' become available. Unnecessary functions can be hidden by unchecking them. For details, see  pages from 106 to 112 of the manual for Teacher ."""
What is the recommended browser?,Basic Usage,A079,"Please use Windows 7 ~ 10 and Mac OS X 10.8.5 as the OS.   Please use a browser from IE10 or later for Windows 7 ~ 10, Microsoft Edge, Firefox 24 or later, Chrome, Safari 6.1.6 for Mac OS, Firefox 24 or later, or Chrome.   In addition, there are some functions that cannot be used in IE (touch IE) started from the tile of the start screen of Windows 8."
I want to display the contents of the same subject in different year.,Basic Usage,A075,"If the school year changes, the class tab of the previous shool year's course will be hidden, but you can access it from the class list on My Page. In addition, display/non-display of the class tab can be set for each user. The details are  pages 12~16 of the manual for Teacher  or  pages 11~15 of the manual for Student ."""
"I would like to distribute files to students, but can I use kibaco outside the university?",Basic Usage,A077,"If you can connect to the Internet, you can use kibaco in places other than our university. All features of kibaco are available. For details, see  page 6 of the manual for Teacher  or  page 5 of the manual for Student ."""
I can not see the previous year's course,Basic Usage,A075,"If the school year changes, the class tab of the previous shool year's course will be hidden, but you can access it from the class list on My Page. In addition, display/non-display of the class tab can be set for each user. The details are  pages 12~16 of the manual for Teacher  or  pages 11~15 of the manual for Student ."""
